CAS,name,Purity,Density g/ml,V/ul,loading solvent,Volume of loading solvent/ul,PE/EA,Flow mL/min,Ending time,column_specs,t1,t2,smiles,verified t1,verified t2
103-36-6,Ethyl cinnamate,0.99,1.049,100,DCM,300,0/1,30,2023-10-30_20-00-41.xlsx,Silica-CS 40g,1241,2163,CCOC(=O)/C=C/C1=CC=CC=C1,1241,2163
103-36-6,Ethyl cinnamate,0.99,1.049,100,DCM,300,1/1,30,2023-10-30_20-05-49.xlsx,Silica-CS 40g,1288,1946,CCOC(=O)/C=C/C1=CC=CC=C1,1288,1946
103-36-6,Ethyl cinnamate,0.99,1.049,100,DCM,300,2/1,30,2023-10-30_20-11-32.xlsx,Silica-CS 40g,1504,2273,CCOC(=O)/C=C/C1=CC=CC=C1,1504,2273
103-36-6,Ethyl cinnamate,0.99,1.049,100,DCM,300,5/1,30,2023-10-30_20-18-21.xlsx,Silica-CS 40g,1827,2908,CCOC(=O)/C=C/C1=CC=CC=C1,1827,2908
103-36-6,Ethyl cinnamate,0.99,1.049,100,DCM,300,10/1,30,2023-10-30_20-26-35.xlsx,Silica-CS 40g,2357,3775,CCOC(=O)/C=C/C1=CC=CC=C1,2357,3775
103-36-6,Ethyl cinnamate,0.99,1.049,100,DCM,300,20/1,30,2023-10-30_20-37-05.xlsx,Silica-CS 40g,3323,5146,CCOC(=O)/C=C/C1=CC=CC=C1,3323,5146
103-36-6,Ethyl cinnamate,0.99,1.049,100,DCM,300,50/1,30,2023-10-30_20-54-47.xlsx,Silica-CS 40g,6370,9432,CCOC(=O)/C=C/C1=CC=CC=C1,6370,9432
26537-19-9,Methyl 4-tert-butylbenzoate,0.99,0.995,100,PE,300,0/1,30,2023-10-31_09-26-33.xlsx,Silica-CS 40g,1031,2351,CC(C)(C)C1=CC=C(C=C1)C(=O)OC,1031,2351
26537-19-9,Methyl 4-tert-butylbenzoate,0.99,0.995,100,PE,300,1/1,30,2023-10-31_09-31-20.xlsx,Silica-CS 40g,1214,1822,CC(C)(C)C1=CC=C(C=C1)C(=O)OC,1214,1822
26537-19-9,Methyl 4-tert-butylbenzoate,0.99,0.995,100,PE,300,2/1,30,2023-10-31_09-36-17.xlsx,Silica-CS 40g,1389,1932,CC(C)(C)C1=CC=C(C=C1)C(=O)OC,1389,1932
26537-19-9,Methyl 4-tert-butylbenzoate,0.99,0.995,100,PE,300,5/1,30,2023-10-31_09-41-49.xlsx,Silica-CS 40g,1642,2276,CC(C)(C)C1=CC=C(C=C1)C(=O)OC,1642,2276
26537-19-9,Methyl 4-tert-butylbenzoate,0.99,0.995,100,PE,300,10/1,30,2023-10-31_09-48-11.xlsx,Silica-CS 40g,1989,2770,CC(C)(C)C1=CC=C(C=C1)C(=O)OC,1989,2770
26537-19-9,Methyl 4-tert-butylbenzoate,0.99,0.995,100,PE,300,20/1,30,2023-10-31_10-07-02.xlsx,Silica-CS 40g,2358,3406,CC(C)(C)C1=CC=C(C=C1)C(=O)OC,2358,3406
26537-19-9,Methyl 4-tert-butylbenzoate,0.99,0.995,100,PE,300,50/1,30,2023-10-31_10-18-31.xlsx,Silica-CS 40g,4158,5841,CC(C)(C)C1=CC=C(C=C1)C(=O)OC,4158,5841
515-40-2,Neophyl chloride,0.98,1.047,100,PE,300,0/1,30,2023-10-31_10-40-05.xlsx,Silica-CS 40g,1062,1654,CC(C)(CCl)C1=CC=CC=C1,1062,1654
515-40-2,Neophyl chloride,0.98,1.047,100,PE,300,1/1,30,2023-10-31_10-44-32.xlsx,Silica-CS 40g,1252,1629,CC(C)(CCl)C1=CC=CC=C1,1252,1629
515-40-2,Neophyl chloride,0.98,1.047,100,PE,300,2/1,30,2023-10-31_10-49-03.xlsx,Silica-CS 40g,1331,1657,CC(C)(CCl)C1=CC=CC=C1,1331,1657
515-40-2,Neophyl chloride,0.98,1.047,100,PE,300,5/1,30,2023-10-31_10-53-45.xlsx,Silica-CS 40g,1416,1771,CC(C)(CCl)C1=CC=CC=C1,1416,1771
515-40-2,Neophyl chloride,0.98,1.047,100,PE,300,10/1,30,2023-10-31_10-58-37.xlsx,Silica-CS 40g,1494,1897,CC(C)(CCl)C1=CC=CC=C1,1494,1897
515-40-2,Neophyl chloride,0.98,1.047,100,PE,300,20/1,30,2023-10-31_11-03-44.xlsx,Silica-CS 40g,1572,2017,CC(C)(CCl)C1=CC=CC=C1,1572,2017
515-40-2,Neophyl chloride,0.98,1.047,100,PE,300,50/1,30,2023-10-31_11-09-01.xlsx,Silica-CS 40g,1668,2135,CC(C)(CCl)C1=CC=CC=C1,1668,2135
122-00-9,4'-Methylacetophenone,0.98,1.004,100,DCM,300,0/1,30,2023-10-31_11-21-43.xlsx,Silica-CS 40g,1131,3446,CC1=CC=C(C=C1)C(=O)C,1131,3446
122-00-9,4'-Methylacetophenone,0.98,1.004,100,DCM,300,1/1,30,2023-10-31_11-27-11.xlsx,Silica-CS 40g,1476,2203,CC1=CC=C(C=C1)C(=O)C,1476,2203
122-00-9,4'-Methylacetophenone,0.98,1.004,100,DCM,300,2/1,30,2023-10-31_11-33-18.xlsx,Silica-CS 40g,1778,2621,CC1=CC=C(C=C1)C(=O)C,1778,2621
122-00-9,4'-Methylacetophenone,0.98,1.004,100,DCM,300,5/1,30,2023-10-31_11-59-37.xlsx,Silica-CS 40g,2451,3665,CC1=CC=C(C=C1)C(=O)C,2451,3665
122-00-9,4'-Methylacetophenone,0.98,1.004,100,DCM,300,10/1,30,2023-10-31_12-10-11.xlsx,Silica-CS 40g,3589,5254,CC1=CC=C(C=C1)C(=O)C,3589,5254
122-00-9,4'-Methylacetophenone,0.98,1.004,100,DCM,300,20/1,30,2023-10-31_12-25-21.xlsx,Silica-CS 40g,5509,8017,CC1=CC=C(C=C1)C(=O)C,5509,8017
122-00-9,4'-Methylacetophenone,0.98,1.004,100,DCM,300,50/1,30,2023-10-31_12-53-34.xlsx,Silica-CS 40g,11053,15791,CC1=CC=C(C=C1)C(=O)C,11053,15791
1694-31-1,tert-Butyl acetoacetate,0.97,0.954,100,DCM,300,0/1,30,2023-10-31_13-16-10.xlsx,Silica-CS 40g,1181,1898,CC(=O)CC(=O)OC(C)(C)C,1181,1898
1694-31-1,tert-Butyl acetoacetate,0.97,0.954,100,DCM,300,1/1,30,2023-10-31_13-21-42.xlsx,Silica-CS 40g,1570,2276,CC(=O)CC(=O)OC(C)(C)C,1570,2276
1694-31-1,tert-Butyl acetoacetate,0.97,0.954,100,DCM,300,2/1,30,2023-10-31_13-28-20.xlsx,Silica-CS 40g,1944,2938,CC(=O)CC(=O)OC(C)(C)C,1944,2938
1694-31-1,tert-Butyl acetoacetate,0.97,0.954,100,DCM,300,5/1,30,2023-10-31_13-38-03.xlsx,Silica-CS 40g,3018,4776,CC(=O)CC(=O)OC(C)(C)C,3018,4776
1694-31-1,tert-Butyl acetoacetate,0.97,0.954,100,DCM,300,10/1,30,2023-10-31_13-53-08.xlsx,Silica-CS 40g,5021,7972,CC(=O)CC(=O)OC(C)(C)C,5021,7972
1694-31-1,tert-Butyl acetoacetate,0.97,0.954,100,DCM,300,20/1,30,2023-10-31_14-18-36.xlsx,Silica-CS 40g,9239,14163,CC(=O)CC(=O)OC(C)(C)C,9239,14163
1694-31-1,tert-Butyl acetoacetate,0.97,0.954,100,DCM,300,50/1,30,2023-10-31_15-09-11.xlsx,Silica-CS 40g,-1,-1,CC(=O)CC(=O)OC(C)(C)C,-1,-1
94-02-0,Ethyl benzoylacetate,0.94,1.11,100,DCM,300,0/1,30,2023-10-31_15-21-46.xlsx,Silica-CS 40g,1240,3041,CCOC(=O)CC(=O)C1=CC=CC=C1,1240,3041
94-02-0,Ethyl benzoylacetate,0.94,1.11,100,DCM,300,1/1,30,2023-10-31_15-27-54.xlsx,Silica-CS 40g,1447,2607,CCOC(=O)CC(=O)C1=CC=CC=C1,1447,2607
94-02-0,Ethyl benzoylacetate,0.94,1.11,100,DCM,300,2/1,30,2023-10-31_15-34-21.xlsx,Silica-CS 40g,1733,2841,CCOC(=O)CC(=O)C1=CC=CC=C1,1733,2841
94-02-0,Ethyl benzoylacetate,0.94,1.11,100,DCM,300,5/1,30,2023-10-31_15-42-44.xlsx,Silica-CS 40g,2478,3962,CCOC(=O)CC(=O)C1=CC=CC=C1,2478,3962
94-02-0,Ethyl benzoylacetate,0.94,1.11,100,DCM,300,10/1,30,2023-10-31_15-54-18.xlsx,Silica-CS 40g,3644,5879,CCOC(=O)CC(=O)C1=CC=CC=C1,3644,5879
94-02-0,Ethyl benzoylacetate,0.94,1.11,100,DCM,300,20/1,30,2023-10-31_16-11-43.xlsx,Silica-CS 40g,5883,9364,CCOC(=O)CC(=O)C1=CC=CC=C1,5883,9364
94-02-0,Ethyl benzoylacetate,0.94,1.11,100,DCM,300,50/1,30,2023-10-31_16-46-19.xlsx,Silica-CS 40g,13260,19507,CCOC(=O)CC(=O)C1=CC=CC=C1,13260,19507
119-36-8,Methyl salicylate,0.99,1.174,100,PE,300,0/1,30,2023-11-01_09-17-24.xlsx,Silica-CS 40g,1214,1995,COC(=O)C1=CC=CC=C1O,1214,1995
119-36-8,Methyl salicylate,0.99,1.174,100,PE,300,1/1,30,2023-11-01_09-22-20.xlsx,Silica-CS 40g,1464,1929,COC(=O)C1=CC=CC=C1O,1464,1929
119-36-8,Methyl salicylate,0.99,1.174,100,PE,300,2/1,30,2023-11-01_09-27-37.xlsx,Silica-CS 40g,1612,2112,COC(=O)C1=CC=CC=C1O,1612,2112
119-36-8,Methyl salicylate,0.99,1.174,100,PE,300,5/1,30,2023-11-01_09-33-35.xlsx,Silica-CS 40g,1942,2517,COC(=O)C1=CC=CC=C1O,1942,2517
119-36-8,Methyl salicylate,0.99,1.174,100,PE,300,10/1,30,2023-11-01_09-40-22.xlsx,Silica-CS 40g,2302,3003,COC(=O)C1=CC=CC=C1O,2302,3003
119-36-8,Methyl salicylate,0.99,1.174,100,PE,300,20/1,30,2023-11-01_09-48-10.xlsx,Silica-CS 40g,2775,3611,COC(=O)C1=CC=CC=C1O,2775,3611
119-36-8,Methyl salicylate,0.99,1.174,100,PE,300,50/1,30,2023-11-01_09-58-08.xlsx,Silica-CS 40g,3788,4935,COC(=O)C1=CC=CC=C1O,3788,4935
123-11-5,Anisic aldehyde,0.98,1.121,100,DCM,300,0/1,30,2023-11-01_10-12-45.xlsx,Silica-CS 40g,1239,1939,COC1=CC=C(C=C1)C=O,1239,1939
123-11-5,Anisic aldehyde,0.98,1.121,100,DCM,300,1/1,30,2023-11-01_10-19-18.xlsx,Silica-CS 40g,1931,2897,COC1=CC=C(C=C1)C=O,1931,2897
123-11-5,Anisic aldehyde,0.98,1.121,100,DCM,300,2/1,30,2023-11-01_10-27-35.xlsx,Silica-CS 40g,2563,3911,COC1=CC=C(C=C1)C=O,2563,3911
123-11-5,Anisic aldehyde,0.98,1.121,100,DCM,300,5/1,30,2023-11-01_10-41-00.xlsx,Silica-CS 40g,4744,6993,COC1=CC=C(C=C1)C=O,4744,6993
123-11-5,Anisic aldehyde,0.98,1.121,100,DCM,300,10/1,30,2023-11-01_11-02-42.xlsx,Silica-CS 40g,8115,11923,COC1=CC=C(C=C1)C=O,8115,11923
123-11-5,Anisic aldehyde,0.98,1.121,100,DCM,300,20/1,30,2023-11-01_11-38-48.xlsx,Silica-CS 40g,13854,20384,COC1=CC=C(C=C1)C=O,13854,20384
122-97-4,3-Phenyl-1-propanol,0.98,1.001,100,PE,300,0/1,30,2023-11-01_12-23-48.xlsx,Silica-CS 40g,1891,2746,C1=CC=C(C=C1)CCCO,1891,2746
122-97-4,3-Phenyl-1-propanol,0.98,1.001,100,PE,300,1/1,30,2023-11-01_12-33-32.xlsx,Silica-CS 40g,3844,4786,C1=CC=C(C=C1)CCCO,3844,4786
122-97-4,3-Phenyl-1-propanol,0.98,1.001,100,PE,300,2/1,30,2023-11-01_12-48-09.xlsx,Silica-CS 40g,6266,7650,C1=CC=C(C=C1)CCCO,6266,7650
600-00-0,Ethyl 2-bromoisobutyrate,0.98,1.329,100,PE,300,0/1,30,2023-11-01_12-57-05.xlsx,Silica-CS 40g,1078,1837,CCOC(=O)C(C)(C)Br,1078,1837
600-00-0,Ethyl 2-bromoisobutyrate,0.98,1.329,100,PE,300,1/1,30,2023-11-01_13-12-29.xlsx,Silica-CS 40g,1188,1511,CCOC(=O)C(C)(C)Br,1188,1511
600-00-0,Ethyl 2-bromoisobutyrate,0.98,1.329,100,PE,300,2/1,30,2023-11-01_14-12-13.xlsx,Silica-CS 40g,1278,1635,CCOC(=O)C(C)(C)Br,1278,1635
600-00-0,Ethyl 2-bromoisobutyrate,0.98,1.329,100,PE,300,5/1,30,2023-11-01_14-17-25.xlsx,Silica-CS 40g,1709,2099,CCOC(=O)C(C)(C)Br,1709,2099
600-00-0,Ethyl 2-bromoisobutyrate,0.98,1.329,100,PE,300,10/1,30,2023-11-01_14-23-22.xlsx,Silica-CS 40g,2024,2501,CCOC(=O)C(C)(C)Br,2024,2501
600-00-0,Ethyl 2-bromoisobutyrate,0.98,1.329,100,PE,300,20/1,30,2023-11-01_14-30-20.xlsx,Silica-CS 40g,2519,3117,CCOC(=O)C(C)(C)Br,2519,3117
637-59-2,1-Bromo-3-phenylpropane,0.97,1.31,100,PE,300,0/1,30,2023-11-01_14-50-32.xlsx,Silica-CS 40g,1241,1766,C1=CC=C(C=C1)CCCBr,1241,1766
637-59-2,1-Bromo-3-phenylpropane,0.97,1.31,100,PE,300,1/1,30,2023-11-01_14-54-59.xlsx,Silica-CS 40g,1299,1610,C1=CC=C(C=C1)CCCBr,1299,1610
637-59-2,1-Bromo-3-phenylpropane,0.97,1.31,100,PE,300,2/1,30,2023-11-01_14-59-30.xlsx,Silica-CS 40g,1357,1685,C1=CC=C(C=C1)CCCBr,1357,1685
637-59-2,1-Bromo-3-phenylpropane,0.97,1.31,100,PE,300,5/1,30,2023-11-01_15-04-17.xlsx,Silica-CS 40g,1462,1833,C1=CC=C(C=C1)CCCBr,1462,1833
637-59-2,1-Bromo-3-phenylpropane,0.97,1.31,100,PE,300,10/1,30,2023-11-01_15-09-19.xlsx,Silica-CS 40g,1555,1996,C1=CC=C(C=C1)CCCBr,1555,1996
637-59-2,1-Bromo-3-phenylpropane,0.97,1.31,100,PE,300,20/1,30,2023-11-01_15-14-41.xlsx,Silica-CS 40g,1645,2164,C1=CC=C(C=C1)CCCBr,1645,2164
637-59-2,1-Bromo-3-phenylpropane,0.97,1.31,100,PE,300,50/1,30,2023-11-01_15-20-18.xlsx,Silica-CS 40g,1744,2336,C1=CC=C(C=C1)CCCBr,1744,2336
577-16-2,2'-Methylacetophenone,0.98,1.026,100,DCM,300,0/1,30,2023-11-01_15-51-35.xlsx,Silica-CS 40g,1329,2537,CC1=CC=CC=C1C(=O)C,1329,2537
577-16-2,2'-Methylacetophenone,0.98,1.026,100,DCM,300,1/1,30,2023-11-01_15-56-42.xlsx,Silica-CS 40g,1504,2009,CC1=CC=CC=C1C(=O)C,1504,2009
577-16-2,2'-Methylacetophenone,0.98,1.026,100,DCM,300,2/1,30,2023-11-01_16-02-20.xlsx,Silica-CS 40g,1703,2300,CC1=CC=CC=C1C(=O)C,1703,2300
577-16-2,2'-Methylacetophenone,0.98,1.026,100,DCM,300,5/1,30,2023-11-01_16-09-07.xlsx,Silica-CS 40g,2224,3024,CC1=CC=CC=C1C(=O)C,2224,3024
577-16-2,2'-Methylacetophenone,0.98,1.026,100,DCM,300,10/1,30,2023-11-01_16-38-18.xlsx,Silica-CS 40g,2759,3934,CC1=CC=CC=C1C(=O)C,2759,3934
577-16-2,2'-Methylacetophenone,0.98,1.026,100,DCM,300,20/1,30,2023-11-01_16-49-32.xlsx,Silica-CS 40g,4215,5670,CC1=CC=CC=C1C(=O)C,4215,5670
577-16-2,2'-Methylacetophenone,0.98,1.026,100,DCM,300,50/1,30,2023-11-01_17-07-53.xlsx,Silica-CS 40g,7662,9924,CC1=CC=CC=C1C(=O)C,7662,9924
762-42-5,Dimethyl But-2-ynedioate,0.98,1.412,100,DCM,300,0/1,30,2023-11-01_18-28-51.xlsx,Silica-CS 40g,1202,2065,COC(=O)C#CC(=O)OC,1202,2065
762-42-5,Dimethyl But-2-ynedioate,0.98,1.412,100,DCM,300,1/1,30,2023-11-01_18-33-54.xlsx,Silica-CS 40g,1715,2043,COC(=O)C#CC(=O)OC,1715,2043
762-42-5,Dimethyl But-2-ynedioate,0.98,1.412,100,DCM,300,2/1,30,2023-11-01_18-39-51.xlsx,Silica-CS 40g,2108,2505,COC(=O)C#CC(=O)OC,2108,2505
762-42-5,Dimethyl But-2-ynedioate,0.98,1.412,100,DCM,300,5/1,30,2023-11-01_18-47-49.xlsx,Silica-CS 40g,3207,3744,COC(=O)C#CC(=O)OC,3207,3744
762-42-5,Dimethyl But-2-ynedioate,0.98,1.412,100,DCM,300,10/1,30,2023-11-01_18-58-37.xlsx,Silica-CS 40g,4715,5434,COC(=O)C#CC(=O)OC,4715,5434
762-42-5,Dimethyl But-2-ynedioate,0.98,1.412,100,DCM,300,20/1,30,2023-11-01_19-13-37.xlsx,Silica-CS 40g,6916,8123,COC(=O)C#CC(=O)OC,6916,8123
762-42-5,Dimethyl But-2-ynedioate,0.98,1.412,100,DCM,300,50/1,30,2023-11-01_19-37-45.xlsx,Silica-CS 40g,12306,14176,COC(=O)C#CC(=O)OC,12306,14176
535-11-5,Ethyl 2-bromopropionate,0.99,1.394,100,DCM,300,0/1,30,2023-11-01_19-54-05.xlsx,Silica-CS 40g,1119,1393,CCOC(=O)C(C)Br,1119,1393
535-11-5,Ethyl 2-bromopropionate,0.99,1.394,100,DCM,300,1/1,30,2023-11-01_19-58-42.xlsx,Silica-CS 40g,1411,1715,CCOC(=O)C(C)Br,1411,1715
535-11-5,Ethyl 2-bromopropionate,0.99,1.394,100,DCM,300,2/1,30,2023-11-01_20-03-34.xlsx,Silica-CS 40g,1566,1886,CCOC(=O)C(C)Br,1566,1886
535-11-5,Ethyl 2-bromopropionate,0.99,1.394,100,DCM,300,5/1,30,2023-11-01_20-09-11.xlsx,Silica-CS 40g,1914,2312,CCOC(=O)C(C)Br,1914,2312
535-11-5,Ethyl 2-bromopropionate,0.99,1.394,100,DCM,300,10/1,30,2023-11-01_20-15-49.xlsx,Silica-CS 40g,2401,2905,CCOC(=O)C(C)Br,2401,2905
535-11-5,Ethyl 2-bromopropionate,0.99,1.394,100,DCM,300,20/1,30,2023-11-01_20-23-57.xlsx,Silica-CS 40g,3185,3843,CCOC(=O)C(C)Br,3185,3843
535-11-5,Ethyl 2-bromopropionate,0.99,1.394,100,DCM,300,50/1,30,2023-11-01_20-35-56.xlsx,Silica-CS 40g,5197,6131,CCOC(=O)C(C)Br,5197,6131
7318-00-5,ETHYL 3-AMINOBUT-2-ENOATE,0.9913,1.022,100,DCM,200,0/1,30,2023-11-01_21-02-49.xlsx,Silica-CS 40g,1268,3562,CCOC(=O)/C=C(/C)\N,1268,3562
7318-00-5,ETHYL 3-AMINOBUT-2-ENOATE,0.9913,1.022,100,DCM,200,1/1,30,2023-11-01_21-09-47.xlsx,Silica-CS 40g,1806,3127,CCOC(=O)/C=C(/C)\N,1806,3127
7318-00-5,ETHYL 3-AMINOBUT-2-ENOATE,0.9913,1.022,100,DCM,200,2/1,30,2023-11-01_21-18-55.xlsx,Silica-CS 40g,2649,4440,CCOC(=O)/C=C(/C)\N,2649,4440
7318-00-5,ETHYL 3-AMINOBUT-2-ENOATE,0.9913,1.022,100,DCM,200,5/1,30,2023-11-01_21-36-21.xlsx,Silica-CS 40g,6103,9381,CCOC(=O)/C=C(/C)\N,6103,9381
7318-00-5,ETHYL 3-AMINOBUT-2-ENOATE,0.9913,1.022,100,DCM,200,10/1,30,2023-11-01_22-13-32.xlsx,Silica-CS 40g,13333,21035,CCOC(=O)/C=C(/C)\N,13333,21035
134-20-3,Methyl anthranilate,0.98,1.168,100,DCM,300,0/1,30,2023-11-02_09-50-19.xlsx,Silica-CS 40g,1004,1626,COC(=O)C1=CC=CC=C1N,1004,1626
134-20-3,Methyl anthranilate,0.98,1.168,100,DCM,300,1/1,30,2023-11-02_09-55-46.xlsx,Silica-CS 40g,1463,2226,COC(=O)C1=CC=CC=C1N,1463,2226
134-20-3,Methyl anthranilate,0.98,1.168,100,DCM,300,2/1,30,2023-11-02_10-02-13.xlsx,Silica-CS 40g,1723,2807,COC(=O)C1=CC=CC=C1N,1723,2807
134-20-3,Methyl anthranilate,0.98,1.168,100,DCM,300,5/1,30,2023-11-02_10-11-46.xlsx,Silica-CS 40g,3200,4685,COC(=O)C1=CC=CC=C1N,3200,4685
134-20-3,Methyl anthranilate,0.98,1.168,100,DCM,300,10/1,30,2023-11-02_10-26-51.xlsx,Silica-CS 40g,5545,7997,COC(=O)C1=CC=CC=C1N,5545,7997
134-20-3,Methyl anthranilate,0.98,1.168,100,DCM,300,20/1,30,2023-11-02_10-52-24.xlsx,Silica-CS 40g,10057,14186,COC(=O)C1=CC=CC=C1N,10057,14186
101-97-3,Ethyl phenylacetate,0.99,1.03,100,PE,300,0/1,30,2023-11-02_11-03-32.xlsx,Silica-CS 40g,1271,1903,CCOC(=O)CC1=CC=CC=C1,1271,1903
101-97-3,Ethyl phenylacetate,0.99,1.03,100,PE,300,1/1,30,2023-11-02_11-08-29.xlsx,Silica-CS 40g,1432,1916,CCOC(=O)CC1=CC=CC=C1,1432,1916
101-97-3,Ethyl phenylacetate,0.99,1.03,100,PE,300,2/1,30,2023-11-02_11-13-56.xlsx,Silica-CS 40g,1601,2208,CCOC(=O)CC1=CC=CC=C1,1601,2208
101-97-3,Ethyl phenylacetate,0.99,1.03,100,PE,300,5/1,30,2023-11-02_11-19-48.xlsx,Silica-CS 40g,2051,2470,CCOC(=O)CC1=CC=CC=C1,2051,2470
101-97-3,Ethyl phenylacetate,0.99,1.03,100,PE,300,10/1,30,2023-11-02_11-27-00.xlsx,Silica-CS 40g,2713,3251,CCOC(=O)CC1=CC=CC=C1,2713,3251
101-97-3,Ethyl phenylacetate,0.99,1.03,100,PE,300,20/1,30,2023-11-02_11-36-23.xlsx,Silica-CS 40g,4016,4586,CCOC(=O)CC1=CC=CC=C1,4016,4586
101-97-3,Ethyl phenylacetate,0.99,1.03,100,PE,300,50/1,30,2023-11-02_11-52-33.xlsx,Silica-CS 40g,7616,8750,CCOC(=O)CC1=CC=CC=C1,7616,8750
98-86-2,Acetophenone,0.9996,1.03,100,PE,300,0/1,30,2023-11-02_12-21-07.xlsx,Silica-CS 40g,1090,2442,CC(=O)C1=CC=CC=C1,1090,2442
98-86-2,Acetophenone,0.9996,1.03,100,PE,300,1/1,30,2023-11-02_12-26-44.xlsx,Silica-CS 40g,1589,2336,CC(=O)C1=CC=CC=C1,1589,2336
98-86-2,Acetophenone,0.9996,1.03,100,PE,300,2/1,30,2023-11-02_12-33-01.xlsx,Silica-CS 40g,1916,2702,CC(=O)C1=CC=CC=C1,1916,2702
98-86-2,Acetophenone,0.9996,1.03,100,PE,300,5/1,30,2023-11-02_12-41-05.xlsx,Silica-CS 40g,2746,3783,CC(=O)C1=CC=CC=C1,2746,3783
98-86-2,Acetophenone,0.9996,1.03,100,PE,300,10/1,30,2023-11-02_12-51-45.xlsx,Silica-CS 40g,3914,5337,CC(=O)C1=CC=CC=C1,3914,5337
98-86-2,Acetophenone,0.9996,1.03,100,PE,300,20/1,30,2023-11-02_13-06-41.xlsx,Silica-CS 40g,5877,7878,CC(=O)C1=CC=CC=C1,5877,7878
98-86-2,Acetophenone,0.9996,1.03,100,PE,300,50/1,30,2023-11-02_13-32-41.xlsx,Silica-CS 40g,11064,14435,CC(=O)C1=CC=CC=C1,11064,14435
626-34-6,Ethyl (2Z)-3-aminobut-2-enoate,0.9976,1.022,100,PE,300,0/1,30,2023-11-02_14-06-56.xlsx,Silica-CS 40g,1183,3626,CCOC(=O)/C=C(/C)\N,1183,3626
626-34-6,Ethyl (2Z)-3-aminobut-2-enoate,0.9976,1.022,100,PE,300,1/1,30,2023-11-02_14-14-19.xlsx,Silica-CS 40g,1947,3396,CCOC(=O)/C=C(/C)\N,1947,3396
626-34-6,Ethyl (2Z)-3-aminobut-2-enoate,0.9976,1.022,100,PE,300,2/1,30,2023-11-02_14-23-47.xlsx,Silica-CS 40g,2889,4612,CCOC(=O)/C=C(/C)\N,2889,4612
626-34-6,Ethyl (2Z)-3-aminobut-2-enoate,0.9976,1.022,100,PE,300,5/1,30,2023-11-02_14-42-18.xlsx,Silica-CS 40g,6472,10032,CCOC(=O)/C=C(/C)\N,6472,10032
626-34-6,Ethyl (2Z)-3-aminobut-2-enoate,0.9976,1.022,100,PE,300,10/1,30,2023-11-02_15-20-55.xlsx,Silica-CS 40g,14184,21881,CCOC(=O)/C=C(/C)\N,14184,21881
22502-03-0,2-Methoxyethyl acetoacetate,0.95,1.09,100,DCM,300,0/1,30,2023-11-02_15-35-41.xlsx,Silica-CS 40g,2282,4059,CC(=O)CC(=O)OCCOC,2282,4059
22502-03-0,2-Methoxyethyl acetoacetate,0.95,1.09,100,DCM,300,1/1,30,2023-11-02_15-53-32.xlsx,Silica-CS 40g,5586,9634,CC(=O)CC(=O)OCCOC,5586,9634
22502-03-0,2-Methoxyethyl acetoacetate,0.95,1.09,100,DCM,300,2/1,30,2023-11-02_16-24-11.xlsx,Silica-CS 40g,10509,17218,CC(=O)CC(=O)OCCOC,10509,17218
624-38-4,"1,4-Diiodobenzene",0.9966,2.35,100,DCM,900,0/1,30,2023-11-02_16-33-49.xlsx,Silica-CS 40g,1045,1539,C1=CC(=CC=C1I)I,1045,1539
624-38-4,"1,4-Diiodobenzene",0.9966,2.35,100,DCM,900,1/1,30,2023-11-02_16-38-31.xlsx,Silica-CS 40g,1228,1756,C1=CC(=CC=C1I)I,1228,1756
624-38-4,"1,4-Diiodobenzene",0.9966,2.35,100,DCM,900,2/1,30,2023-11-02_16-43-13.xlsx,Silica-CS 40g,1267,1797,C1=CC(=CC=C1I)I,1267,1797
624-38-4,"1,4-Diiodobenzene",0.9966,2.35,100,DCM,900,5/1,30,2023-11-02_16-48-05.xlsx,Silica-CS 40g,1310,1859,C1=CC(=CC=C1I)I,1310,1859
624-38-4,"1,4-Diiodobenzene",0.9966,2.35,100,DCM,900,10/1,30,2023-11-02_16-58-48.xlsx,Silica-CS 40g,1185,1781,C1=CC(=CC=C1I)I,1185,1781
624-38-4,"1,4-Diiodobenzene",0.9966,2.35,100,DCM,900,20/1,30,2023-11-02_17-03-50.xlsx,Silica-CS 40g,1397,1992,C1=CC(=CC=C1I)I,1397,1992
624-38-4,"1,4-Diiodobenzene",0.9966,2.35,100,DCM,900,50/1,30,2023-11-02_17-08-57.xlsx,Silica-CS 40g,1470,2036,C1=CC(=CC=C1I)I,1470,2036
1126-46-1,METHYL 4-CHLOROBENZOATE,0.9995,1.382,100,DCM,300,0/1,30,2023-11-02_17-18-38.xlsx,Silica-CS 40g,1104,2102,COC(=O)C1=CC=C(C=C1)Cl,1104,2102
1126-46-1,METHYL 4-CHLOROBENZOATE,0.9995,1.382,100,DCM,300,1/1,30,2023-11-02_17-23-41.xlsx,Silica-CS 40g,1421,1970,COC(=O)C1=CC=C(C=C1)Cl,1421,1970
1126-46-1,METHYL 4-CHLOROBENZOATE,0.9995,1.382,100,DCM,300,2/1,30,2023-11-02_17-29-03.xlsx,Silica-CS 40g,1575,2190,COC(=O)C1=CC=C(C=C1)Cl,1575,2190
1126-46-1,METHYL 4-CHLOROBENZOATE,0.9995,1.382,100,DCM,300,5/1,30,2023-11-02_17-35-20.xlsx,Silica-CS 40g,1951,2730,COC(=O)C1=CC=C(C=C1)Cl,1951,2730
1126-46-1,METHYL 4-CHLOROBENZOATE,0.9995,1.382,100,DCM,300,10/1,30,2023-11-02_17-42-53.xlsx,Silica-CS 40g,2455,3454,COC(=O)C1=CC=C(C=C1)Cl,2455,3454
1126-46-1,METHYL 4-CHLOROBENZOATE,0.9995,1.382,100,DCM,300,20/1,30,2023-11-02_17-52-16.xlsx,Silica-CS 40g,3233,4569,COC(=O)C1=CC=C(C=C1)Cl,3233,4569
93-54-9,1-Phenyl-1-propanol,0.98,0.994,100,DCM,300,0/1,30,2023-11-02_18-56-02.xlsx,Silica-CS 40g,1333,1837,CCC(C1=CC=CC=C1)O,1333,1837
93-54-9,1-Phenyl-1-propanol,0.98,0.994,100,DCM,300,1/1,30,2023-11-02_19-01-39.xlsx,Silica-CS 40g,1892,2341,CCC(C1=CC=CC=C1)O,1892,2341
93-54-9,1-Phenyl-1-propanol,0.98,0.994,100,DCM,300,2/1,30,2023-11-02_19-08-26.xlsx,Silica-CS 40g,2474,3047,CCC(C1=CC=CC=C1)O,2474,3047
93-54-9,1-Phenyl-1-propanol,0.98,0.994,100,DCM,300,5/1,30,2023-11-02_19-19-35.xlsx,Silica-CS 40g,4715,5615,CCC(C1=CC=CC=C1)O,4715,5615
93-54-9,1-Phenyl-1-propanol,0.98,0.994,100,DCM,300,10/1,30,2023-11-02_19-39-50.xlsx,Silica-CS 40g,9091,11125,CCC(C1=CC=CC=C1)O,9091,11125
94-30-4,Ethyl 4-methoxybenzoate,0.98,1.103,100,DCM,300,0/1,30,2023-11-02_20-24-24.xlsx,Silica-CS 40g,986,2524,CCOC(=O)C1=CC=C(C=C1)OC,986,2524
94-30-4,Ethyl 4-methoxybenzoate,0.98,1.103,100,DCM,300,1/1,30,2023-11-02_20-29-47.xlsx,Silica-CS 40g,1249,2179,CCOC(=O)C1=CC=C(C=C1)OC,1249,2179
94-30-4,Ethyl 4-methoxybenzoate,0.98,1.103,100,DCM,300,2/1,30,2023-11-02_20-35-49.xlsx,Silica-CS 40g,1567,2562,CCOC(=O)C1=CC=C(C=C1)OC,1567,2562
94-30-4,Ethyl 4-methoxybenzoate,0.98,1.103,100,DCM,300,5/1,30,2023-11-02_20-43-37.xlsx,Silica-CS 40g,2215,3602,CCOC(=O)C1=CC=C(C=C1)OC,2215,3602
94-30-4,Ethyl 4-methoxybenzoate,0.98,1.103,100,DCM,300,10/1,30,2023-11-02_20-54-05.xlsx,Silica-CS 40g,3203,5201,CCOC(=O)C1=CC=C(C=C1)OC,3203,5201
94-30-4,Ethyl 4-methoxybenzoate,0.98,1.103,100,DCM,300,20/1,30,2023-11-02_21-09-15.xlsx,Silica-CS 40g,5024,8041,CCOC(=O)C1=CC=C(C=C1)OC,5024,8041
94-30-4,Ethyl 4-methoxybenzoate,0.98,1.103,100,DCM,300,50/1,30,2023-11-02_21-39-04.xlsx,Silica-CS 40g,10924,16691,CCOC(=O)C1=CC=C(C=C1)OC,10924,16691
4712-55-4,DIPHENYL PHOSPHITE,0.8,1.223,100,DCM,300,0/1,30,2023-11-03_09-34-57.xlsx,Silica-CS 40g,1287,1863,C1=CC=C(C=C1)O[P+](=O)OC2=CC=CC=C2,1287,1863
4712-55-4,DIPHENYL PHOSPHITE,0.8,1.223,100,DCM,300,1/1,30,2023-11-03_09-41-35.xlsx,Silica-CS 40g,1655,2933,C1=CC=C(C=C1)O[P+](=O)OC2=CC=CC=C2,1655,2933
4712-55-4,DIPHENYL PHOSPHITE,0.8,1.223,100,DCM,300,2/1,30,2023-11-03_10-07-43.xlsx,Silica-CS 40g,3270,4331,C1=CC=C(C=C1)O[P+](=O)OC2=CC=CC=C2,3270,4331
4712-55-4,DIPHENYL PHOSPHITE,0.8,1.223,100,DCM,300,5/1,30,2023-11-03_10-15-56.xlsx,Silica-CS 40g,3252,3868,C1=CC=C(C=C1)O[P+](=O)OC2=CC=CC=C2,3252,3868
4712-55-4,DIPHENYL PHOSPHITE,0.8,1.223,100,DCM,300,10/1,30,2023-11-03_10-37-33.xlsx,Silica-CS 40g,8177,12529,C1=CC=C(C=C1)O[P+](=O)OC2=CC=CC=C2,8177,12529
2876-78-0,Methyl naphthalene-1-acetate,0.97,1.142,100,DCM,300,0/1,30,2023-11-03_11-07-57.xlsx,Silica-CS 40g,1188,1714,COC(=O)CC1=CC=CC2=CC=CC=C21,1188,1714
2876-78-0,Methyl naphthalene-1-acetate,0.97,1.142,100,DCM,300,1/1,30,2023-11-03_11-13-15.xlsx,Silica-CS 40g,1419,2101,COC(=O)CC1=CC=CC2=CC=CC=C21,1419,2101
2876-78-0,Methyl naphthalene-1-acetate,0.97,1.142,100,DCM,300,2/1,30,2023-11-03_11-19-12.xlsx,Silica-CS 40g,1725,2503,COC(=O)CC1=CC=CC2=CC=CC=C21,1725,2503
2876-78-0,Methyl naphthalene-1-acetate,0.97,1.142,100,DCM,300,5/1,30,2023-11-03_11-27-05.xlsx,Silica-CS 40g,2592,3684,COC(=O)CC1=CC=CC2=CC=CC=C21,2592,3684
2876-78-0,Methyl naphthalene-1-acetate,0.97,1.142,100,DCM,300,10/1,30,2023-11-03_11-56-48.xlsx,Silica-CS 40g,3734,5366,COC(=O)CC1=CC=CC2=CC=CC=C21,3734,5366
2876-78-0,Methyl naphthalene-1-acetate,0.97,1.142,100,DCM,300,20/1,30,2023-11-03_12-13-08.xlsx,Silica-CS 40g,6441,8747,COC(=O)CC1=CC=CC2=CC=CC=C21,6441,8747
2876-78-0,Methyl naphthalene-1-acetate,0.97,1.142,100,DCM,300,50/1,30,2023-11-03_12-44-33.xlsx,Silica-CS 40g,13526,17640,COC(=O)CC1=CC=CC2=CC=CC=C21,13526,17640
39149-80-9,2-BROMOPROPIONIC ACID TERT-BUTYL ESTER,0.97,1.26,100,DCM,300,0/1,30,2023-11-06_09-40-43.xlsx,Silica-CS 40g,1043,1422,CC(C(=O)OC(C)(C)C)Br,1043,1422
39149-80-9,2-BROMOPROPIONIC ACID TERT-BUTYL ESTER,0.97,1.26,100,DCM,300,1/1,30,2023-11-06_09-45-05.xlsx,Silica-CS 40g,1271,1597,CC(C(=O)OC(C)(C)C)Br,1271,1597
39149-80-9,2-BROMOPROPIONIC ACID TERT-BUTYL ESTER,0.97,1.26,100,DCM,300,2/1,30,2023-11-06_09-49-36.xlsx,Silica-CS 40g,1321,1691,CC(C(=O)OC(C)(C)C)Br,1321,1691
39149-80-9,2-BROMOPROPIONIC ACID TERT-BUTYL ESTER,0.97,1.26,100,DCM,300,5/1,30,2023-11-06_10-04-28.xlsx,Silica-CS 40g,1212,1759,CC(C(=O)OC(C)(C)C)Br,1212,1759
39149-80-9,2-BROMOPROPIONIC ACID TERT-BUTYL ESTER,0.97,1.26,100,DCM,300,10/1,30,2023-11-06_10-09-55.xlsx,Silica-CS 40g,1471,2247,CC(C(=O)OC(C)(C)C)Br,1471,2247
39149-80-9,2-BROMOPROPIONIC ACID TERT-BUTYL ESTER,0.97,1.26,100,DCM,300,20/1,30,2023-11-06_10-22-19.xlsx,Silica-CS 40g,2224,2663,CC(C(=O)OC(C)(C)C)Br,2224,2663
39149-80-9,2-BROMOPROPIONIC ACID TERT-BUTYL ESTER,0.97,1.26,100,DCM,300,50/1,30,2023-11-06_10-29-57.xlsx,Silica-CS 40g,3060,3538,CC(C(=O)OC(C)(C)C)Br,3060,3538
614-18-6,Ethyl nicotinate,0.98,1.107,100,DCM,300,0/1,30,2023-11-06_10-46-35.xlsx,Silica-CS 40g,2470,4585,CCOC(=O)C1=CN=CC=C1,2470,4585
614-18-6,Ethyl nicotinate,0.98,1.107,100,DCM,300,1/1,30,2023-11-06_11-00-05.xlsx,Silica-CS 40g,4692,7001,CCOC(=O)C1=CN=CC=C1,4692,7001
614-18-6,Ethyl nicotinate,0.98,1.107,100,DCM,300,2/1,30,2023-11-06_11-19-21.xlsx,Silica-CS 40g,7345,10467,CCOC(=O)C1=CN=CC=C1,7345,10467
614-18-6,Ethyl nicotinate,0.98,1.107,100,DCM,300,5/1,30,2023-11-06_11-57-12.xlsx,Silica-CS 40g,16547,21437,CCOC(=O)C1=CN=CC=C1,16547,21437
41841-16-1,Methyl 4-bromophenylacetate,0.98,1.445,100,PE,300,0/1,30,2023-11-06_12-12-27.xlsx,Silica-CS 40g,1154,1790,COC(=O)CC1=CC=C(C=C1)Br,1154,1790
41841-16-1,Methyl 4-bromophenylacetate,0.98,1.445,100,PE,300,1/1,30,2023-11-06_12-17-34.xlsx,Silica-CS 40g,1608,2012,COC(=O)CC1=CC=C(C=C1)Br,1608,2012
41841-16-1,Methyl 4-bromophenylacetate,0.98,1.445,100,PE,300,2/1,30,2023-11-06_12-23-21.xlsx,Silica-CS 40g,1949,2444,COC(=O)CC1=CC=C(C=C1)Br,1949,2444
41841-16-1,Methyl 4-bromophenylacetate,0.98,1.445,100,PE,300,5/1,30,2023-11-06_12-31-19.xlsx,Silica-CS 40g,2996,3707,COC(=O)CC1=CC=C(C=C1)Br,2996,3707
41841-16-1,Methyl 4-bromophenylacetate,0.98,1.445,100,PE,300,10/1,30,2023-11-06_12-42-33.xlsx,Silica-CS 40g,4644,5680,COC(=O)CC1=CC=C(C=C1)Br,4644,5680
41841-16-1,Methyl 4-bromophenylacetate,0.98,1.445,100,PE,300,20/1,30,2023-11-06_12-59-13.xlsx,Silica-CS 40g,7493,8923,COC(=O)CC1=CC=C(C=C1)Br,7493,8923
529-34-0,1-Tetralone,0.97,1.099,100,DCM,300,0/1,30,2023-11-15_18-49-47.xlsx,Silica-CS 40g,1226,2763,C1CC2=CC=CC=C2C(=O)C1,1226,2763
529-34-0,1-Tetralone,0.97,1.099,100,DCM,300,1/1,30,2023-11-15_18-55-51.xlsx,Silica-CS 40g,1621,2364,C1CC2=CC=CC=C2C(=O)C1,1621,2364
529-34-0,1-Tetralone,0.97,1.099,100,DCM,300,2/1,30,2023-11-15_19-02-40.xlsx,Silica-CS 40g,1963,2821,C1CC2=CC=CC=C2C(=O)C1,1963,2821
529-34-0,1-Tetralone,0.97,1.099,100,DCM,300,5/1,30,2023-11-15_19-11-39.xlsx,Silica-CS 40g,2865,4147,C1CC2=CC=CC=C2C(=O)C1,2865,4147
529-34-0,1-Tetralone,0.97,1.099,100,DCM,300,10/1,30,2023-11-15_19-24-10.xlsx,Silica-CS 40g,4290,6244,C1CC2=CC=CC=C2C(=O)C1,4290,6244
529-34-0,1-Tetralone,0.97,1.099,100,DCM,300,20/1,30,2023-11-15_19-42-48.xlsx,Silica-CS 40g,6939,9882,C1CC2=CC=CC=C2C(=O)C1,6939,9882
529-34-0,1-Tetralone,0.97,1.099,100,DCM,300,50/1,30,2023-11-15_20-18-00.xlsx,Silica-CS 40g,14750,19664,C1CC2=CC=CC=C2C(=O)C1,14750,19664
3446-89-7,4-(Methylthio)benzaldehyde,0.98,1.144,100,DCM,300,0/1,30,2023-11-15_20-32-11.xlsx,Silica-CS 40g,1159,1715,CSC1=CC=C(C=C1)C=O,1159,1715
3446-89-7,4-(Methylthio)benzaldehyde,0.98,1.144,100,DCM,300,1/1,30,2023-11-15_20-38-18.xlsx,Silica-CS 40g,1749,2430,CSC1=CC=C(C=C1)C=O,1749,2430
3446-89-7,4-(Methylthio)benzaldehyde,0.98,1.144,100,DCM,300,2/1,30,2023-11-15_20-45-31.xlsx,Silica-CS 40g,2232,3090,CSC1=CC=C(C=C1)C=O,2232,3090
3446-89-7,4-(Methylthio)benzaldehyde,0.98,1.144,100,DCM,300,5/1,30,2023-11-15_20-56-14.xlsx,Silica-CS 40g,3904,5157,CSC1=CC=C(C=C1)C=O,3904,5157
3446-89-7,4-(Methylthio)benzaldehyde,0.98,1.144,100,DCM,300,10/1,30,2023-11-15_21-12-25.xlsx,Silica-CS 40g,6447,8425,CSC1=CC=C(C=C1)C=O,6447,8425
3446-89-7,4-(Methylthio)benzaldehyde,0.98,1.144,100,DCM,300,20/1,30,2023-11-15_21-38-03.xlsx,Silica-CS 40g,10960,14047,CSC1=CC=C(C=C1)C=O,10960,14047
529-20-4,2-Methylbenzaldehyde,0.97,1.039,100,DCM,300,0/1,30,2023-11-16_09-31-43.xlsx,Silica-CS 40g,1099,2005,CC1=CC=CC=C1C=O,1099,2005
529-20-4,2-Methylbenzaldehyde,0.97,1.039,100,DCM,300,1/1,30,2023-11-16_09-37-15.xlsx,Silica-CS 40g,1423,2095,CC1=CC=CC=C1C=O,1423,2095
529-20-4,2-Methylbenzaldehyde,0.97,1.039,100,DCM,300,2/1,30,2023-11-16_09-43-18.xlsx,Silica-CS 40g,1613,2369,CC1=CC=CC=C1C=O,1613,2369
529-20-4,2-Methylbenzaldehyde,0.97,1.039,100,DCM,300,5/1,30,2023-11-16_10-09-56.xlsx,Silica-CS 40g,2003,3051,CC1=CC=CC=C1C=O,2003,3051
529-20-4,2-Methylbenzaldehyde,0.97,1.039,100,DCM,300,10/1,30,2023-11-16_10-18-24.xlsx,Silica-CS 40g,2611,3825,CC1=CC=CC=C1C=O,2611,3825
529-20-4,2-Methylbenzaldehyde,0.97,1.039,100,DCM,300,20/1,30,2023-11-16_10-29-02.xlsx,Silica-CS 40g,3486,5117,CC1=CC=CC=C1C=O,3486,5117
529-20-4,2-Methylbenzaldehyde,0.97,1.039,100,DCM,300,50/1,30,2023-11-16_10-44-33.xlsx,Silica-CS 40g,5602,8030,CC1=CC=CC=C1C=O,5602,8030
22532-62-3,4-Bromo-2-hydroxybenzaldehyde,0.9978,1.737,100,DCM,300,0/1,30,2023-11-16_10-59-16.xlsx,Silica-CS 40g,1153,4030,C1=CC(=C(C=C1Br)O)C=O,1153,4030
22532-62-3,4-Bromo-2-hydroxybenzaldehyde,0.9978,1.737,100,DCM,300,1/1,30,2023-11-16_11-06-29.xlsx,Silica-CS 40g,1511,3096,C1=CC(=C(C=C1Br)O)C=O,1511,3096
22532-62-3,4-Bromo-2-hydroxybenzaldehyde,0.9978,1.737,100,DCM,300,2/1,30,2023-11-16_11-14-42.xlsx,Silica-CS 40g,1792,3650,C1=CC(=C(C=C1Br)O)C=O,1792,3650
22532-62-3,4-Bromo-2-hydroxybenzaldehyde,0.9978,1.737,100,DCM,300,5/1,30,2023-11-16_11-24-45.xlsx,Silica-CS 40g,2545,4766,C1=CC(=C(C=C1Br)O)C=O,2545,4766
22532-62-3,4-Bromo-2-hydroxybenzaldehyde,0.9978,1.737,100,DCM,300,10/1,30,2023-11-16_11-37-24.xlsx,Silica-CS 40g,3570,6321,C1=CC(=C(C=C1Br)O)C=O,3570,6321
22532-62-3,4-Bromo-2-hydroxybenzaldehyde,0.9978,1.737,100,DCM,300,20/1,30,2023-11-16_11-53-40.xlsx,Silica-CS 40g,5050,8463,C1=CC(=C(C=C1Br)O)C=O,5050,8463
22532-62-3,4-Bromo-2-hydroxybenzaldehyde,0.9978,1.737,100,DCM,300,50/1,30,2023-11-16_12-16-12.xlsx,Silica-CS 40g,7777,12221,C1=CC(=C(C=C1Br)O)C=O,7777,12221
99-90-1,4'-Bromoacetophenone,0.98,1.64,100,DCM,300,0/1,30,2023-11-16_13-40-10.xlsx,Silica-CS 40g,1169,3230,CC(=O)C1=CC=C(C=C1)Br,1169,3230
99-90-1,4'-Bromoacetophenone,0.98,1.64,100,DCM,300,1/1,30,2023-11-16_13-46-12.xlsx,Silica-CS 40g,3660,3652,CC(=O)C1=CC=C(C=C1)Br,3660,3652
99-90-1,4'-Bromoacetophenone,0.98,1.64,100,DCM,300,2/1,30,2023-11-16_14-02-39.xlsx,Silica-CS 40g,1763,2803,CC(=O)C1=CC=C(C=C1)Br,1763,2803
99-90-1,4'-Bromoacetophenone,0.98,1.64,100,DCM,300,5/1,30,2023-11-16_14-12-28.xlsx,Silica-CS 40g,3043,4616,CC(=O)C1=CC=C(C=C1)Br,3043,4616
99-90-1,4'-Bromoacetophenone,0.98,1.64,100,DCM,300,10/1,30,2023-11-16_14-26-38.xlsx,Silica-CS 40g,4766,7213,CC(=O)C1=CC=C(C=C1)Br,4766,7213
99-90-1,4'-Bromoacetophenone,0.98,1.64,100,DCM,300,20/1,30,2023-11-16_14-48-04.xlsx,Silica-CS 40g,7760,11604,CC(=O)C1=CC=C(C=C1)Br,7760,11604
99-90-1,4'-Bromoacetophenone,0.98,1.64,100,DCM,300,50/1,30,2023-11-16_15-26-31.xlsx,Silica-CS 40g,15067,21567,CC(=O)C1=CC=C(C=C1)Br,15067,21567
451-40-1,2-Phenylacetophenone,0.97,1.2,100,DCM,300,0/1,30,2023-11-16_15-41-59.xlsx,Silica-CS 40g,1182,3023,C1=CC=C(C=C1)CC(=O)C2=CC=CC=C2,1182,3023
451-40-1,2-Phenylacetophenone,0.97,1.2,100,DCM,300,1/1,30,2023-11-16_15-47-41.xlsx,Silica-CS 40g,1330,2194,C1=CC=C(C=C1)CC(=O)C2=CC=CC=C2,1330,2194
451-40-1,2-Phenylacetophenone,0.97,1.2,100,DCM,300,2/1,30,2023-11-16_15-54-18.xlsx,Silica-CS 40g,1560,2714,C1=CC=C(C=C1)CC(=O)C2=CC=CC=C2,1560,2714
451-40-1,2-Phenylacetophenone,0.97,1.2,100,DCM,300,5/1,30,2023-11-16_16-01-26.xlsx,Silica-CS 40g,2055,3035,C1=CC=C(C=C1)CC(=O)C2=CC=CC=C2,2055,3035
451-40-1,2-Phenylacetophenone,0.97,1.2,100,DCM,300,10/1,30,2023-11-16_16-10-14.xlsx,Silica-CS 40g,2798,4048,C1=CC=C(C=C1)CC(=O)C2=CC=CC=C2,2798,4048
451-40-1,2-Phenylacetophenone,0.97,1.2,100,DCM,300,20/1,30,2023-11-16_16-21-58.xlsx,Silica-CS 40g,3986,5777,C1=CC=C(C=C1)CC(=O)C2=CC=CC=C2,3986,5777
451-40-1,2-Phenylacetophenone,0.97,1.2,100,DCM,300,50/1,30,2023-11-16_16-41-04.xlsx,Silica-CS 40g,7226,10187,C1=CC=C(C=C1)CC(=O)C2=CC=CC=C2,7226,10187
3218-36-8,4-Biphenylcarboxaldehyde,0.98,1.107,100,DCM,300,0/1,30,2023-11-16_17-01-54.xlsx,Silica-CS 40g,1066,2803,C1=CC=C(C=C1)C2=CC=C(C=C2)C=O,1066,2803
3218-36-8,4-Biphenylcarboxaldehyde,0.98,1.107,100,DCM,300,1/1,30,2023-11-16_17-07-31.xlsx,Silica-CS 40g,1189,2146,C1=CC=C(C=C1)C2=CC=C(C=C2)C=O,1189,2146
3218-36-8,4-Biphenylcarboxaldehyde,0.98,1.107,100,DCM,300,2/1,30,2023-11-16_17-13-54.xlsx,Silica-CS 40g,1424,2569,C1=CC=C(C=C1)C2=CC=C(C=C2)C=O,1424,2569
3218-36-8,4-Biphenylcarboxaldehyde,0.98,1.107,100,DCM,300,5/1,30,2023-11-16_17-48-43.xlsx,Silica-CS 40g,3838,5652,C1=CC=C(C=C1)C2=CC=C(C=C2)C=O,3838,5652
3218-36-8,4-Biphenylcarboxaldehyde,0.98,1.107,100,DCM,300,10/1,30,2023-11-16_18-00-11.xlsx,Silica-CS 40g,3692,5626,C1=CC=C(C=C1)C2=CC=C(C=C2)C=O,3692,5626
3218-36-8,4-Biphenylcarboxaldehyde,0.98,1.107,100,DCM,300,20/1,30,2023-11-16_18-16-57.xlsx,Silica-CS 40g,5928,8757,C1=CC=C(C=C1)C2=CC=C(C=C2)C=O,5928,8757
3218-36-8,4-Biphenylcarboxaldehyde,0.98,1.107,100,DCM,300,50/1,30,2023-11-16_18-44-35.xlsx,Silica-CS 40g,12608,15204,C1=CC=C(C=C1)C2=CC=C(C=C2)C=O,12608,15204
3378-82-3,1-BROMO-2-NAPHTHALDEHYDE,0.98,1.552,100,DCM,700,0/1,30,2023-11-16_18-59-34.xlsx,Silica-CS 40g,879,3038,C1=CC=C2C(=C1)C=CC(=C2Br)C=O,879,3038
3378-82-3,1-BROMO-2-NAPHTHALDEHYDE,0.98,1.552,100,DCM,700,1/1,30,2023-11-16_19-05-12.xlsx,Silica-CS 40g,1067,2139,C1=CC=C2C(=C1)C=CC(=C2Br)C=O,1067,2139
3378-82-3,1-BROMO-2-NAPHTHALDEHYDE,0.98,1.552,100,DCM,700,2/1,30,2023-11-16_19-11-29.xlsx,Silica-CS 40g,1253,2506,C1=CC=C2C(=C1)C=CC(=C2Br)C=O,1253,2506
3378-82-3,1-BROMO-2-NAPHTHALDEHYDE,0.98,1.552,100,DCM,700,5/1,30,2023-11-16_19-18-47.xlsx,Silica-CS 40g,1433,3130,C1=CC=C2C(=C1)C=CC(=C2Br)C=O,1433,3130
3378-82-3,1-BROMO-2-NAPHTHALDEHYDE,0.98,1.552,100,DCM,700,10/1,30,2023-11-16_19-27-00.xlsx,Silica-CS 40g,1720,3670,C1=CC=C2C(=C1)C=CC(=C2Br)C=O,1720,3670
3378-82-3,1-BROMO-2-NAPHTHALDEHYDE,0.98,1.552,100,DCM,700,20/1,30,2023-11-16_19-36-48.xlsx,Silica-CS 40g,2416,4627,C1=CC=C2C(=C1)C=CC(=C2Br)C=O,2416,4627
3378-82-3,1-BROMO-2-NAPHTHALDEHYDE,0.98,1.552,100,DCM,700,50/1,30,2023-11-16_19-50-02.xlsx,Silica-CS 40g,3394,6689,C1=CC=C2C(=C1)C=CC(=C2Br)C=O,3394,6689
614-47-1,trans-Chalcone,0.98,1.0712,100,DCM,300,0/1,30,2023-11-16_20-04-21.xlsx,Silica-CS 40g,1011,1818,C1=CC=C(C=C1)/C=C/C(=O)C2=CC=CC=C2,1011,1818
614-47-1,trans-Chalcone,0.98,1.0712,100,DCM,300,1/1,30,2023-11-16_20-10-03.xlsx,Silica-CS 40g,1202,2184,C1=CC=C(C=C1)/C=C/C(=O)C2=CC=CC=C2,1202,2184
614-47-1,trans-Chalcone,0.98,1.0712,100,DCM,300,2/1,30,2023-11-16_20-16-55.xlsx,Silica-CS 40g,1380,2882,C1=CC=C(C=C1)/C=C/C(=O)C2=CC=CC=C2,1380,2882
614-47-1,trans-Chalcone,0.98,1.0712,100,DCM,300,5/1,30,2023-11-16_20-24-23.xlsx,Silica-CS 40g,1919,3243,C1=CC=C(C=C1)/C=C/C(=O)C2=CC=CC=C2,1919,3243
614-47-1,trans-Chalcone,0.98,1.0712,100,DCM,300,10/1,30,2023-11-16_20-33-51.xlsx,Silica-CS 40g,2674,4417,C1=CC=C(C=C1)/C=C/C(=O)C2=CC=CC=C2,2674,4417
614-47-1,trans-Chalcone,0.98,1.0712,100,DCM,300,20/1,30,2023-11-16_20-46-51.xlsx,Silica-CS 40g,3994,6528,C1=CC=C(C=C1)/C=C/C(=O)C2=CC=CC=C2,3994,6528
614-47-1,trans-Chalcone,0.98,1.0712,100,DCM,300,50/1,30,2023-11-16_21-09-33.xlsx,Silica-CS 40g,7933,12332,C1=CC=C(C=C1)/C=C/C(=O)C2=CC=CC=C2,7933,12332
35225-79-7,"trans,trans-Dibenzylideneacetone",0.98,1.0477,100,DCM,300,0/1,30,2023-11-16_21-20-28.xlsx,Silica-CS 40g,1009,1732,C1=CC=C(C=C1)/C=C/C(=O)/C=C/C2=CC=CC=C2,1009,1732
35225-79-7,"trans,trans-Dibenzylideneacetone",0.98,1.0477,100,DCM,300,1/1,30,2023-11-16_21-25-56.xlsx,Silica-CS 40g,1068,2038,C1=CC=C(C=C1)/C=C/C(=O)/C=C/C2=CC=CC=C2,1068,2038
35225-79-7,"trans,trans-Dibenzylideneacetone",0.98,1.0477,100,DCM,300,2/1,30,2023-11-16_21-32-08.xlsx,Silica-CS 40g,1433,2466,C1=CC=C(C=C1)/C=C/C(=O)/C=C/C2=CC=CC=C2,1433,2466
35225-79-7,"trans,trans-Dibenzylideneacetone",0.98,1.0477,100,DCM,300,5/1,30,2023-11-16_21-40-41.xlsx,Silica-CS 40g,2342,3868,C1=CC=C(C=C1)/C=C/C(=O)/C=C/C2=CC=CC=C2,2342,3868
35225-79-7,"trans,trans-Dibenzylideneacetone",0.98,1.0477,100,DCM,300,10/1,30,2023-11-16_21-53-30.xlsx,Silica-CS 40g,4041,6425,C1=CC=C(C=C1)/C=C/C(=O)/C=C/C2=CC=CC=C2,4041,6425
35225-79-7,"trans,trans-Dibenzylideneacetone",0.98,1.0477,100,DCM,300,20/1,30,2023-11-16_22-15-22.xlsx,Silica-CS 40g,7984,11823,C1=CC=C(C=C1)/C=C/C(=O)/C=C/C2=CC=CC=C2,7984,11823
35225-79-7,"trans,trans-Dibenzylideneacetone",0.98,1.0477,100,DCM,300,50/1,30,2023-11-17_10-32-52.xlsx,Silica-CS 40g,21188,29801,C1=CC=C(C=C1)/C=C/C(=O)/C=C/C2=CC=CC=C2,21188,29801
19829-31-3,3'-Bromopropiophenone,0.9986,1.3841,100,DCM,300,0/1,30,2023-11-17_10-44-42.xlsx,Silica-CS 40g,1010,1491,CCC(=O)C1=CC(=CC=C1)Br,1010,1491
19829-31-3,3'-Bromopropiophenone,0.9986,1.3841,100,DCM,300,1/1,30,2023-11-17_10-49-49.xlsx,Silica-CS 40g,1412,1805,CCC(=O)C1=CC(=CC=C1)Br,1412,1805
19829-31-3,3'-Bromopropiophenone,0.9986,1.3841,100,DCM,300,2/1,30,2023-11-17_10-55-21.xlsx,Silica-CS 40g,1578,2055,CCC(=O)C1=CC(=CC=C1)Br,1578,2055
19829-31-3,3'-Bromopropiophenone,0.9986,1.3841,100,DCM,300,5/1,30,2023-11-17_11-01-49.xlsx,Silica-CS 40g,2044,2634,CCC(=O)C1=CC(=CC=C1)Br,2044,2634
19829-31-3,3'-Bromopropiophenone,0.9986,1.3841,100,DCM,300,10/1,30,2023-11-17_11-09-36.xlsx,Silica-CS 40g,2652,3429,CCC(=O)C1=CC(=CC=C1)Br,2652,3429
19829-31-3,3'-Bromopropiophenone,0.9986,1.3841,100,DCM,300,20/1,30,2023-11-17_11-19-25.xlsx,Silica-CS 40g,3589,4617,CCC(=O)C1=CC(=CC=C1)Br,3589,4617
19829-31-3,3'-Bromopropiophenone,0.9986,1.3841,100,DCM,300,50/1,30,2023-11-17_11-33-24.xlsx,Silica-CS 40g,5625,7133,CCC(=O)C1=CC(=CC=C1)Br,5625,7133
13211-01-3,4-Phenylbutyrophenone,0.99,1.022,100,DCM,400,0/1,30,2023-11-17_11-46-53.xlsx,Silica-CS 40g,1008,2989,CCCC(=O)C1=CC=C(C=C1)C2=CC=CC=C2,1008,2989
13211-01-3,4-Phenylbutyrophenone,0.99,1.022,100,DCM,400,1/1,30,2023-11-17_11-52-10.xlsx,Silica-CS 40g,1010,1912,CCCC(=O)C1=CC=C(C=C1)C2=CC=CC=C2,1010,1912
13211-01-3,4-Phenylbutyrophenone,0.99,1.022,100,DCM,400,2/1,30,2023-11-17_11-58-17.xlsx,Silica-CS 40g,1146,2417,CCCC(=O)C1=CC=C(C=C1)C2=CC=CC=C2,1146,2417
13211-01-3,4-Phenylbutyrophenone,0.99,1.022,100,DCM,400,5/1,30,2023-11-17_12-05-05.xlsx,Silica-CS 40g,1415,2837,CCCC(=O)C1=CC=C(C=C1)C2=CC=CC=C2,1415,2837
13211-01-3,4-Phenylbutyrophenone,0.99,1.022,100,DCM,400,10/1,30,2023-11-17_12-12-32.xlsx,Silica-CS 40g,1860,3220,CCCC(=O)C1=CC=C(C=C1)C2=CC=CC=C2,1860,3220
13211-01-3,4-Phenylbutyrophenone,0.99,1.022,100,DCM,400,20/1,30,2023-11-17_12-22-01.xlsx,Silica-CS 40g,2627,4446,CCCC(=O)C1=CC=C(C=C1)C2=CC=CC=C2,2627,4446
13211-01-3,4-Phenylbutyrophenone,0.99,1.022,100,DCM,400,50/1,30,2023-11-17_12-37-21.xlsx,Silica-CS 40g,4608,7943,CCCC(=O)C1=CC=C(C=C1)C2=CC=CC=C2,4608,7943
3874-54-2,4-Chloro-4'-fluorobutyrophenone,0.97,1.22,100,DCM,300,0/1,30,2023-11-17_13-01-41.xlsx,Silica-CS 40g,970,1905,C1=CC(=CC=C1C(=O)CCCCl)F,970,1905
3874-54-2,4-Chloro-4'-fluorobutyrophenone,0.97,1.22,100,DCM,300,1/1,30,2023-11-17_13-06-59.xlsx,Silica-CS 40g,1156,1908,C1=CC(=CC=C1C(=O)CCCCl)F,1156,1908
3874-54-2,4-Chloro-4'-fluorobutyrophenone,0.97,1.22,100,DCM,300,2/1,30,2023-11-17_13-12-41.xlsx,Silica-CS 40g,1384,2198,C1=CC(=CC=C1C(=O)CCCCl)F,1384,2198
3874-54-2,4-Chloro-4'-fluorobutyrophenone,0.97,1.22,100,DCM,300,5/1,30,2023-11-17_13-20-03.xlsx,Silica-CS 40g,2010,3164,C1=CC(=CC=C1C(=O)CCCCl)F,2010,3164
3874-54-2,4-Chloro-4'-fluorobutyrophenone,0.97,1.22,100,DCM,300,10/1,30,2023-11-17_13-30-07.xlsx,Silica-CS 40g,3130,4753,C1=CC(=CC=C1C(=O)CCCCl)F,3130,4753
3874-54-2,4-Chloro-4'-fluorobutyrophenone,0.97,1.22,100,DCM,300,20/1,30,2023-11-17_13-46-02.xlsx,Silica-CS 40g,5492,8288,C1=CC(=CC=C1C(=O)CCCCl)F,5492,8288
3874-54-2,4-Chloro-4'-fluorobutyrophenone,0.97,1.22,100,DCM,300,50/1,30,2023-11-17_14-12-40.xlsx,Silica-CS 40g,9759,14656,C1=CC(=CC=C1C(=O)CCCCl)F,9759,14656
620-79-1,THYL 2-BENZYLACETOACETATE,0.97,1.036,100,DCM,300,0/1,30,2023-11-17_14-32-07.xlsx,Silica-CS 40g,1217,1828,CCOC(=O)C(CC1=CC=CC=C1)C(=O)C,1217,1828
620-79-1,THYL 2-BENZYLACETOACETATE,0.97,1.036,100,DCM,300,1/1,30,2023-11-17_14-37-40.xlsx,Silica-CS 40g,1424,2086,CCOC(=O)C(CC1=CC=CC=C1)C(=O)C,1424,2086
620-79-1,THYL 2-BENZYLACETOACETATE,0.97,1.036,100,DCM,300,2/1,30,2023-11-17_14-44-07.xlsx,Silica-CS 40g,1715,2613,CCOC(=O)C(CC1=CC=CC=C1)C(=O)C,1715,2613
620-79-1,THYL 2-BENZYLACETOACETATE,0.97,1.036,100,DCM,300,5/1,30,2023-11-17_14-53-25.xlsx,Silica-CS 40g,2811,4313,CCOC(=O)C(CC1=CC=CC=C1)C(=O)C,2811,4313
620-79-1,THYL 2-BENZYLACETOACETATE,0.97,1.036,100,DCM,300,10/1,30,2023-11-17_15-08-05.xlsx,Silica-CS 40g,4977,7503,CCOC(=O)C(CC1=CC=CC=C1)C(=O)C,4977,7503
620-79-1,THYL 2-BENZYLACETOACETATE,0.97,1.036,100,DCM,300,20/1,30,2023-11-17_15-37-04.xlsx,Silica-CS 40g,9884,15994,CCOC(=O)C(CC1=CC=CC=C1)C(=O)C,9884,15994
620-79-1,THYL 2-BENZYLACETOACETATE,0.97,1.036,100,DCM,300,50/1,30,2023-11-17_16-28-00.xlsx,Silica-CS 40g,-1,-1,CCOC(=O)C(CC1=CC=CC=C1)C(=O)C,-1,-1
21282-97-3,2-(METHACRYLOYLOXY)ETHYL ACETOACETATE,0.95,1.122,100,DCM,300,0/1,30,2023-11-17_16-40-56.xlsx,Silica-CS 40g,1384,2648,CC(=C)C(=O)OCCOC(=O)CC(=O)C,1384,2648
21282-97-3,2-(METHACRYLOYLOXY)ETHYL ACETOACETATE,0.95,1.122,100,DCM,300,1/1,30,2023-11-17_16-49-04.xlsx,Silica-CS 40g,2299,3614,CC(=C)C(=O)OCCOC(=O)CC(=O)C,2299,3614
21282-97-3,2-(METHACRYLOYLOXY)ETHYL ACETOACETATE,0.95,1.122,100,DCM,300,2/1,30,2023-11-17_17-00-08.xlsx,Silica-CS 40g,3454,5375,CC(=C)C(=O)OCCOC(=O)CC(=O)C,3454,5375
103962-05-6,1-Iado-4-(trifluoromethoxy)benzene,0.9984,1.84,100,DCM,300,0/1,30,2023-11-17_19-12-22.xlsx,Silica-CS 40g,1008,1375,C1=CC(=CC=C1OC(F)(F)F)I,1008,1375
103962-05-6,1-Iado-4-(trifluoromethoxy)benzene,0.9984,1.84,100,DCM,300,1/1,30,2023-11-17_19-17-09.xlsx,Silica-CS 40g,1220,1630,C1=CC(=CC=C1OC(F)(F)F)I,1220,1630
103962-05-6,1-Iado-4-(trifluoromethoxy)benzene,0.9984,1.84,100,DCM,300,2/1,30,2023-11-17_19-22-06.xlsx,Silica-CS 40g,1352,1739,C1=CC(=CC=C1OC(F)(F)F)I,1352,1739
103962-05-6,1-Iado-4-(trifluoromethoxy)benzene,0.9984,1.84,100,DCM,300,5/1,30,2023-11-17_19-27-13.xlsx,Silica-CS 40g,1389,1825,C1=CC(=CC=C1OC(F)(F)F)I,1389,1825
103962-05-6,1-Iado-4-(trifluoromethoxy)benzene,0.9984,1.84,100,DCM,300,10/1,30,2023-11-17_19-32-25.xlsx,Silica-CS 40g,1435,1897,C1=CC(=CC=C1OC(F)(F)F)I,1435,1897
103962-05-6,1-Iado-4-(trifluoromethoxy)benzene,0.9984,1.84,100,DCM,300,20/1,30,2023-11-17_19-37-42.xlsx,Silica-CS 40g,1490,1935,C1=CC(=CC=C1OC(F)(F)F)I,1490,1935
103962-05-6,1-Iado-4-(trifluoromethoxy)benzene,0.9984,1.84,100,DCM,300,50/1,30,2023-11-17_19-43-09.xlsx,Silica-CS 40g,1551,2003,C1=CC(=CC=C1OC(F)(F)F)I,1551,2003
615-41-8,1-Chloro-2-iodobenzene,0.98,1.952,100,DCM,300,0/1,30,2023-11-19_12-24-20.xlsx,Silica-CS 40g,1096,1499,C1=CC=C(C(=C1)Cl)I,1096,1499
615-41-8,1-Chloro-2-iodobenzene,0.98,1.952,100,DCM,300,1/1,30,2023-11-19_12-29-32.xlsx,Silica-CS 40g,1409,1881,C1=CC=C(C(=C1)Cl)I,1409,1881
615-41-8,1-Chloro-2-iodobenzene,0.98,1.952,100,DCM,300,2/1,30,2023-11-19_12-34-54.xlsx,Silica-CS 40g,1501,1966,C1=CC=C(C(=C1)Cl)I,1501,1966
615-41-8,1-Chloro-2-iodobenzene,0.98,1.952,100,DCM,300,5/1,30,2023-11-19_12-40-51.xlsx,Silica-CS 40g,1663,2305,C1=CC=C(C(=C1)Cl)I,1663,2305
615-41-8,1-Chloro-2-iodobenzene,0.98,1.952,100,DCM,300,10/1,30,2023-11-19_12-46-54.xlsx,Silica-CS 40g,1721,2389,C1=CC=C(C(=C1)Cl)I,1721,2389
615-41-8,1-Chloro-2-iodobenzene,0.98,1.952,100,DCM,300,20/1,30,2023-11-19_12-53-46.xlsx,Silica-CS 40g,2014,2871,C1=CC=C(C(=C1)Cl)I,2014,2871
615-41-8,1-Chloro-2-iodobenzene,0.98,1.952,100,DCM,300,50/1,30,2023-11-19_13-00-59.xlsx,Silica-CS 40g,2071,3057,C1=CC=C(C(=C1)Cl)I,2071,3057
104-92-7,4-Bromoanisole,0.98,1.494,100,DCM,300,0/1,30,2023-11-19_13-15-53.xlsx,Silica-CS 40g,1150,1518,COC1=CC=C(C=C1)Br,1150,1518
104-92-7,4-Bromoanisole,0.98,1.494,100,DCM,300,1/1,30,2023-11-19_13-21-40.xlsx,Silica-CS 40g,1666,2213,COC1=CC=C(C=C1)Br,1666,2213
104-92-7,4-Bromoanisole,0.98,1.494,100,DCM,300,2/1,30,2023-11-19_13-27-48.xlsx,Silica-CS 40g,1843,2446,COC1=CC=C(C=C1)Br,1843,2446
104-92-7,4-Bromoanisole,0.98,1.494,100,DCM,300,5/1,30,2023-11-19_13-34-45.xlsx,Silica-CS 40g,2282,2925,COC1=CC=C(C=C1)Br,2282,2925
104-92-7,4-Bromoanisole,0.98,1.494,100,DCM,300,10/1,30,2023-11-19_13-54-41.xlsx,Silica-CS 40g,2163,2851,COC1=CC=C(C=C1)Br,2163,2851
104-92-7,4-Bromoanisole,0.98,1.494,100,DCM,300,20/1,30,2023-11-19_14-02-31.xlsx,Silica-CS 40g,2633,3419,COC1=CC=C(C=C1)Br,2633,3419
104-92-7,4-Bromoanisole,0.98,1.494,100,DCM,300,50/1,30,2023-11-19_14-11-51.xlsx,Silica-CS 40g,3374,4349,COC1=CC=C(C=C1)Br,3374,4349
108-37-2,3-BROMOCHLOROBENZENE,0.99,1.63,100,DCM,300,0/1,30,2023-11-19_14-30-45.xlsx,Silica-CS 40g,1108,1388,C1=CC(=CC(=C1)Br)Cl,1108,1388
108-37-2,3-BROMOCHLOROBENZENE,0.99,1.63,100,DCM,300,1/1,30,2023-11-19_14-35-27.xlsx,Silica-CS 40g,1310,1593,C1=CC(=CC(=C1)Br)Cl,1310,1593
108-37-2,3-BROMOCHLOROBENZENE,0.99,1.63,100,DCM,300,2/1,30,2023-11-19_14-40-14.xlsx,Silica-CS 40g,1355,1648,C1=CC(=CC(=C1)Br)Cl,1355,1648
108-37-2,3-BROMOCHLOROBENZENE,0.99,1.63,100,DCM,300,5/1,30,2023-11-19_14-45-11.xlsx,Silica-CS 40g,1406,1746,C1=CC(=CC(=C1)Br)Cl,1406,1746
108-37-2,3-BROMOCHLOROBENZENE,0.99,1.63,100,DCM,300,10/1,30,2023-11-19_14-50-19.xlsx,Silica-CS 40g,1452,1842,C1=CC(=CC(=C1)Br)Cl,1452,1842
108-37-2,3-BROMOCHLOROBENZENE,0.99,1.63,100,DCM,300,20/1,30,2023-11-19_14-55-38.xlsx,Silica-CS 40g,1508,1909,C1=CC(=CC(=C1)Br)Cl,1508,1909
108-37-2,3-BROMOCHLOROBENZENE,0.99,1.63,100,DCM,300,50/1,30,2023-11-19_15-01-02.xlsx,Silica-CS 40g,1575,1957,C1=CC(=CC(=C1)Br)Cl,1575,1957
88-69-7,2-Isopropylphenol,0.98,1.012,100,DCM,300,0/1,30,2023-11-19_15-11-31.xlsx,Silica-CS 40g,1085,1527,CC(C)C1=CC=CC=C1O,1085,1527
88-69-7,2-Isopropylphenol,0.98,1.012,100,DCM,300,1/1,30,2023-11-19_15-16-33.xlsx,Silica-CS 40g,1336,1787,CC(C)C1=CC=CC=C1O,1336,1787
88-69-7,2-Isopropylphenol,0.98,1.012,100,DCM,300,2/1,30,2023-11-19_15-21-55.xlsx,Silica-CS 40g,1517,1994,CC(C)C1=CC=CC=C1O,1517,1994
88-69-7,2-Isopropylphenol,0.98,1.012,100,DCM,300,5/1,30,2023-11-19_15-28-27.xlsx,Silica-CS 40g,2067,2669,CC(C)C1=CC=CC=C1O,2067,2669
88-69-7,2-Isopropylphenol,0.98,1.012,100,DCM,300,10/1,30,2023-11-19_15-37-05.xlsx,Silica-CS 40g,3047,3947,CC(C)C1=CC=CC=C1O,3047,3947
88-69-7,2-Isopropylphenol,0.98,1.012,100,DCM,300,20/1,30,2023-11-19_15-50-35.xlsx,Silica-CS 40g,5193,6803,CC(C)C1=CC=CC=C1O,5193,6803
88-69-7,2-Isopropylphenol,0.98,1.012,100,DCM,300,50/1,30,2023-11-19_16-18-48.xlsx,Silica-CS 40g,12219,15552,CC(C)C1=CC=CC=C1O,12219,15552
529-19-1,o-Tolunitrile,0.98,0.989,100,DCM,300,0/1,30,2023-11-19_16-50-37.xlsx,Silica-CS 40g,1168,1709,CC1=CC=CC=C1C#N,1168,1709
529-19-1,o-Tolunitrile,0.98,0.989,100,DCM,300,1/1,30,2023-11-19_16-55-49.xlsx,Silica-CS 40g,1495,1876,CC1=CC=CC=C1C#N,1495,1876
529-19-1,o-Tolunitrile,0.98,0.989,100,DCM,300,2/1,30,2023-11-19_17-01-26.xlsx,Silica-CS 40g,1709,2136,CC1=CC=CC=C1C#N,1709,2136
529-19-1,o-Tolunitrile,0.98,0.989,100,DCM,300,5/1,30,2023-11-19_17-08-09.xlsx,Silica-CS 40g,2175,2752,CC1=CC=CC=C1C#N,2175,2752
529-19-1,o-Tolunitrile,0.98,0.989,100,DCM,300,10/1,30,2023-11-19_17-15-51.xlsx,Silica-CS 40g,2723,3356,CC1=CC=CC=C1C#N,2723,3356
529-19-1,o-Tolunitrile,0.98,0.989,100,DCM,300,20/1,30,2023-11-19_17-25-05.xlsx,Silica-CS 40g,3479,4277,CC1=CC=CC=C1C#N,3479,4277
529-19-1,o-Tolunitrile,0.98,0.989,100,DCM,300,50/1,30,2023-11-19_17-37-19.xlsx,Silica-CS 40g,5032,6075,CC1=CC=CC=C1C#N,5032,6075
2052-07-5,2-Bromobiphenyl,0.97,1.352,100,DCM,300,0/1,30,2023-11-19_17-49-40.xlsx,Silica-CS 40g,1015,2291,C1=CC=C(C=C1)C2=CC=CC=C2Br,1015,2291
2052-07-5,2-Bromobiphenyl,0.97,1.352,100,DCM,300,1/1,30,2023-11-19_17-54-47.xlsx,Silica-CS 40g,1252,1812,C1=CC=C(C=C1)C2=CC=CC=C2Br,1252,1812
2052-07-5,2-Bromobiphenyl,0.97,1.352,100,DCM,300,2/1,30,2023-11-19_18-00-04.xlsx,Silica-CS 40g,1327,1908,C1=CC=C(C=C1)C2=CC=CC=C2Br,1327,1908
2052-07-5,2-Bromobiphenyl,0.97,1.352,100,DCM,300,5/1,30,2023-11-19_18-05-36.xlsx,Silica-CS 40g,1400,2064,C1=CC=C(C=C1)C2=CC=CC=C2Br,1400,2064
2052-07-5,2-Bromobiphenyl,0.97,1.352,100,DCM,300,10/1,30,2023-11-19_18-11-24.xlsx,Silica-CS 40g,1465,2229,C1=CC=C(C=C1)C2=CC=CC=C2Br,1465,2229
2052-07-5,2-Bromobiphenyl,0.97,1.352,100,DCM,300,20/1,30,2023-11-19_18-17-41.xlsx,Silica-CS 40g,1570,2518,C1=CC=C(C=C1)C2=CC=CC=C2Br,1570,2518
2052-07-5,2-Bromobiphenyl,0.97,1.352,100,DCM,300,50/1,30,2023-11-19_18-24-18.xlsx,Silica-CS 40g,1637,2714,C1=CC=C(C=C1)C2=CC=CC=C2Br,1637,2714
2635-13-4,"4-Bromo-1,2-(methylenedioxy)benzene",0.97,1.669,100,DCM,300,0/1,30,2023-11-19_18-39-42.xlsx,Silica-CS 40g,1098,1527,C1OC2=C(O1)C=C(C=C2)Br,1098,1527
2635-13-4,"4-Bromo-1,2-(methylenedioxy)benzene",0.97,1.669,100,DCM,300,1/1,30,2023-11-19_18-45-00.xlsx,Silica-CS 40g,1389,1902,C1OC2=C(O1)C=C(C=C2)Br,1389,1902
2635-13-4,"4-Bromo-1,2-(methylenedioxy)benzene",0.97,1.669,100,DCM,300,2/1,30,2023-11-19_18-50-32.xlsx,Silica-CS 40g,1526,2071,C1OC2=C(O1)C=C(C=C2)Br,1526,2071
2635-13-4,"4-Bromo-1,2-(methylenedioxy)benzene",0.97,1.669,100,DCM,300,5/1,30,2023-11-19_18-56-44.xlsx,Silica-CS 40g,1808,2499,C1OC2=C(O1)C=C(C=C2)Br,1808,2499
2635-13-4,"4-Bromo-1,2-(methylenedioxy)benzene",0.97,1.669,100,DCM,300,10/1,30,2023-11-19_19-14-31.xlsx,Silica-CS 40g,2061,3008,C1OC2=C(O1)C=C(C=C2)Br,2061,3008
2635-13-4,"4-Bromo-1,2-(methylenedioxy)benzene",0.97,1.669,100,DCM,300,20/1,30,2023-11-19_19-22-24.xlsx,Silica-CS 40g,2465,3455,C1OC2=C(O1)C=C(C=C2)Br,2465,3455
2635-13-4,"4-Bromo-1,2-(methylenedioxy)benzene",0.97,1.669,100,DCM,300,50/1,30,2023-11-19_19-31-28.xlsx,Silica-CS 40g,2982,4185,C1OC2=C(O1)C=C(C=C2)Br,2982,4185
27060-75-9,2-Bromo-5-methoxytoluene,0.97,1.424,100,DCM,300,0/1,30,2023-11-19_19-41-58.xlsx,Silica-CS 40g,1286,1682,CC1=C(C=CC(=C1)OC)Br,1286,1682
27060-75-9,2-Bromo-5-methoxytoluene,0.97,1.424,100,DCM,300,1/1,30,2023-11-19_19-47-05.xlsx,Silica-CS 40g,1371,1817,CC1=C(C=CC(=C1)OC)Br,1371,1817
27060-75-9,2-Bromo-5-methoxytoluene,0.97,1.424,100,DCM,300,2/1,30,2023-11-19_19-55-46.xlsx,Silica-CS 40g,1284,1787,CC1=C(C=CC(=C1)OC)Br,1284,1787
27060-75-9,2-Bromo-5-methoxytoluene,0.97,1.424,100,DCM,300,5/1,30,2023-11-19_20-01-43.xlsx,Silica-CS 40g,1737,2316,CC1=C(C=CC(=C1)OC)Br,1737,2316
27060-75-9,2-Bromo-5-methoxytoluene,0.97,1.424,100,DCM,300,10/1,30,2023-11-19_20-08-15.xlsx,Silica-CS 40g,1999,2678,CC1=C(C=CC(=C1)OC)Br,1999,2678
27060-75-9,2-Bromo-5-methoxytoluene,0.97,1.424,100,DCM,300,20/1,30,2023-11-19_20-15-33.xlsx,Silica-CS 40g,2339,3137,CC1=C(C=CC(=C1)OC)Br,2339,3137
27060-75-9,2-Bromo-5-methoxytoluene,0.97,1.424,100,DCM,300,50/1,30,2023-11-19_20-24-16.xlsx,Silica-CS 40g,2947,3988,CC1=C(C=CC(=C1)OC)Br,2947,3988
148256-63-7,"2,5-DIBROMO-3-DODECYLTHIOPHENE",0.98,1.321,100,DCM,300,0/1,30,2023-11-19_20-36-57.xlsx,Silica-CS 40g,1093,1576,CCCCCCCCCCCCC1=C(SC(=C1)Br)Br,1093,1576
148256-63-7,"2,5-DIBROMO-3-DODECYLTHIOPHENE",0.98,1.321,100,DCM,300,1/1,30,2023-11-19_20-41-14.xlsx,Silica-CS 40g,1077,1546,CCCCCCCCCCCCC1=C(SC(=C1)Br)Br,1077,1546
148256-63-7,"2,5-DIBROMO-3-DODECYLTHIOPHENE",0.98,1.321,100,DCM,300,2/1,30,2023-11-19_20-45-31.xlsx,Silica-CS 40g,1108,1548,CCCCCCCCCCCCC1=C(SC(=C1)Br)Br,1108,1548
148256-63-7,"2,5-DIBROMO-3-DODECYLTHIOPHENE",0.98,1.321,100,DCM,300,5/1,30,2023-11-19_20-49-53.xlsx,Silica-CS 40g,1126,1572,CCCCCCCCCCCCC1=C(SC(=C1)Br)Br,1126,1572
148256-63-7,"2,5-DIBROMO-3-DODECYLTHIOPHENE",0.98,1.321,100,DCM,300,10/1,30,2023-11-19_20-54-20.xlsx,Silica-CS 40g,963,1417,CCCCCCCCCCCCC1=C(SC(=C1)Br)Br,963,1417
148256-63-7,"2,5-DIBROMO-3-DODECYLTHIOPHENE",0.98,1.321,100,DCM,300,20/1,30,2023-11-19_20-58-52.xlsx,Silica-CS 40g,1181,1653,CCCCCCCCCCCCC1=C(SC(=C1)Br)Br,1181,1653
148256-63-7,"2,5-DIBROMO-3-DODECYLTHIOPHENE",0.98,1.321,100,DCM,300,50/1,30,2023-11-19_21-03-24.xlsx,Silica-CS 40g,1202,1698,CCCCCCCCCCCCC1=C(SC(=C1)Br)Br,1202,1698
712-50-5,Benzoylcyclohexane,0.99,0.9671,100,DCM,300,0/1,30,2023-11-19_21-18-28.xlsx,Silica-CS 40g,1203,1682,C1CCC(CC1)C(=O)C2=CC=CC=C2,1203,1682
712-50-5,Benzoylcyclohexane,0.99,0.9671,100,DCM,300,1/1,30,2023-11-19_21-23-10.xlsx,Silica-CS 40g,1233,1772,C1CCC(CC1)C(=O)C2=CC=CC=C2,1233,1772
712-50-5,Benzoylcyclohexane,0.99,0.9671,100,DCM,300,2/1,30,2023-11-19_21-28-02.xlsx,Silica-CS 40g,1316,1867,C1CCC(CC1)C(=O)C2=CC=CC=C2,1316,1867
712-50-5,Benzoylcyclohexane,0.99,0.9671,100,DCM,300,5/1,30,2023-11-19_21-33-19.xlsx,Silica-CS 40g,1408,2133,C1CCC(CC1)C(=O)C2=CC=CC=C2,1408,2133
712-50-5,Benzoylcyclohexane,0.99,0.9671,100,DCM,300,10/1,30,2023-11-19_21-39-11.xlsx,Silica-CS 40g,1534,2493,C1CCC(CC1)C(=O)C2=CC=CC=C2,1534,2493
712-50-5,Benzoylcyclohexane,0.99,0.9671,100,DCM,300,20/1,30,2023-11-19_21-45-59.xlsx,Silica-CS 40g,1679,3049,C1CCC(CC1)C(=O)C2=CC=CC=C2,1679,3049
712-50-5,Benzoylcyclohexane,0.99,0.9671,100,DCM,300,50/1,30,2023-11-20_09-41-20.xlsx,Silica-CS 40g,1643,4832,C1CCC(CC1)C(=O)C2=CC=CC=C2,1643,4832
67713-23-9,"2,6-DIBROMOBENZALDEHYDE",0.9994,1.977,100,DCM,500,0/1,30,2023-11-20_09-51-49.xlsx,Silica-CS 40g,1127,1632,C1=CC(=C(C(=C1)Br)C=O)Br,1127,1632
67713-23-9,"2,6-DIBROMOBENZALDEHYDE",0.9994,1.977,100,DCM,500,1/1,30,2023-11-20_09-56-58.xlsx,Silica-CS 40g,1394,2022,C1=CC(=C(C(=C1)Br)C=O)Br,1394,2022
67713-23-9,"2,6-DIBROMOBENZALDEHYDE",0.9994,1.977,100,DCM,500,2/1,30,2023-11-20_10-02-37.xlsx,Silica-CS 40g,1615,2306,C1=CC(=C(C(=C1)Br)C=O)Br,1615,2306
67713-23-9,"2,6-DIBROMOBENZALDEHYDE",0.9994,1.977,100,DCM,500,5/1,30,2023-11-20_10-09-21.xlsx,Silica-CS 40g,2034,2976,C1=CC(=C(C(=C1)Br)C=O)Br,2034,2976
67713-23-9,"2,6-DIBROMOBENZALDEHYDE",0.9994,1.977,100,DCM,500,10/1,30,2023-11-20_10-17-20.xlsx,Silica-CS 40g,2554,3731,C1=CC(=C(C(=C1)Br)C=O)Br,2554,3731
67713-23-9,"2,6-DIBROMOBENZALDEHYDE",0.9994,1.977,100,DCM,500,20/1,30,2023-11-20_10-26-54.xlsx,Silica-CS 40g,3213,4673,C1=CC(=C(C(=C1)Br)C=O)Br,3213,4673
67713-23-9,"2,6-DIBROMOBENZALDEHYDE",0.9994,1.977,100,DCM,500,50/1,30,2023-11-20_10-39-00.xlsx,Silica-CS 40g,4309,6188,C1=CC(=C(C(=C1)Br)C=O)Br,4309,6188
27139-97-5,2-Bromo-4-chlorotoluene,0.98,1.54,100,DCM,300,0/1,30,2023-11-20_10-52-36.xlsx,Silica-CS 40g,1193,1556,CC1=C(C=C(C=C1)Cl)Br,1193,1556
27139-97-5,2-Bromo-4-chlorotoluene,0.98,1.54,100,DCM,300,1/1,30,2023-11-20_10-57-03.xlsx,Silica-CS 40g,1248,1604,CC1=C(C=C(C=C1)Cl)Br,1248,1604
27139-97-5,2-Bromo-4-chlorotoluene,0.98,1.54,100,DCM,300,2/1,30,2023-11-20_11-01-30.xlsx,Silica-CS 40g,1310,1642,CC1=C(C=C(C=C1)Cl)Br,1310,1642
27139-97-5,2-Bromo-4-chlorotoluene,0.98,1.54,100,DCM,300,5/1,30,2023-11-20_11-06-07.xlsx,Silica-CS 40g,1378,1743,CC1=C(C=C(C=C1)Cl)Br,1378,1743
27139-97-5,2-Bromo-4-chlorotoluene,0.98,1.54,100,DCM,300,10/1,30,2023-11-20_11-10-49.xlsx,Silica-CS 40g,1419,1792,CC1=C(C=C(C=C1)Cl)Br,1419,1792
27139-97-5,2-Bromo-4-chlorotoluene,0.98,1.54,100,DCM,300,20/1,30,2023-11-20_11-15-36.xlsx,Silica-CS 40g,1459,1837,CC1=C(C=C(C=C1)Cl)Br,1459,1837
23145-07-5,5-Bromo-1-benzofuran,0.9975,1.573,100,DCM,300,0/1,30,2023-11-20_11-32-27.xlsx,Silica-CS 40g,1099,1720,C1=CC2=C(C=CO2)C=C1Br,1099,1720
23145-07-5,5-Bromo-1-benzofuran,0.9975,1.573,100,DCM,300,1/1,30,2023-11-20_11-37-20.xlsx,Silica-CS 40g,1124,1862,C1=CC2=C(C=CO2)C=C1Br,1124,1862
23145-07-5,5-Bromo-1-benzofuran,0.9975,1.573,100,DCM,300,2/1,30,2023-11-20_11-42-34.xlsx,Silica-CS 40g,3409,3402,C1=CC2=C(C=CO2)C=C1Br,3409,3402
23145-07-5,5-Bromo-1-benzofuran,0.9975,1.573,100,DCM,300,5/1,30,2023-11-20_11-48-08.xlsx,Silica-CS 40g,1336,2267,C1=CC2=C(C=CO2)C=C1Br,1336,2267
23145-07-5,5-Bromo-1-benzofuran,0.9975,1.573,100,DCM,300,10/1,30,2023-11-20_11-54-07.xlsx,Silica-CS 40g,1437,2527,C1=CC2=C(C=CO2)C=C1Br,1437,2527
883546-30-3,2-Bromo-4-trifluoromethoxy-1-iodobenzene,0.98,2.182,100,DCM,300,0/1,30,2023-11-20_12-15-18.xlsx,Silica-CS 40g,1114,1552,C1=CC(=C(C=C1OC(F)(F)F)Br)I,1114,1552
883546-30-3,2-Bromo-4-trifluoromethoxy-1-iodobenzene,0.98,2.182,100,DCM,300,1/1,30,2023-11-20_12-19-44.xlsx,Silica-CS 40g,1120,1608,C1=CC(=C(C=C1OC(F)(F)F)Br)I,1120,1608
883546-30-3,2-Bromo-4-trifluoromethoxy-1-iodobenzene,0.98,2.182,100,DCM,300,2/1,30,2023-11-20_12-24-16.xlsx,Silica-CS 40g,1182,1666,C1=CC(=C(C=C1OC(F)(F)F)Br)I,1182,1666
883546-30-3,2-Bromo-4-trifluoromethoxy-1-iodobenzene,0.98,2.182,100,DCM,300,5/1,30,2023-11-20_12-28-59.xlsx,Silica-CS 40g,1226,1762,C1=CC(=C(C=C1OC(F)(F)F)Br)I,1226,1762
883546-30-3,2-Bromo-4-trifluoromethoxy-1-iodobenzene,0.98,2.182,100,DCM,300,10/1,30,2023-11-20_12-33-46.xlsx,Silica-CS 40g,1285,1845,C1=CC(=C(C=C1OC(F)(F)F)Br)I,1285,1845
883546-30-3,2-Bromo-4-trifluoromethoxy-1-iodobenzene,0.98,2.182,100,DCM,300,20/1,30,2023-11-20_12-38-43.xlsx,Silica-CS 40g,1335,1906,C1=CC(=C(C=C1OC(F)(F)F)Br)I,1335,1906
883546-30-3,2-Bromo-4-trifluoromethoxy-1-iodobenzene,0.98,2.182,100,DCM,300,50/1,30,2023-11-20_12-43-45.xlsx,Silica-CS 40g,1398,1957,C1=CC(=C(C=C1OC(F)(F)F)Br)I,1398,1957
2042-37-7,2-Bromobenzonitrile,0.99,1.496,100,DCM,300,0/1,30,2023-11-20_12-54-24.xlsx,Silica-CS 40g,1119,1615,C1=CC=C(C(=C1)C#N)Br,1119,1615
2042-37-7,2-Bromobenzonitrile,0.99,1.496,100,DCM,300,1/1,30,2023-11-20_12-59-52.xlsx,Silica-CS 40g,1750,2204,C1=CC=C(C(=C1)C#N)Br,1750,2204
2042-37-7,2-Bromobenzonitrile,0.99,1.496,100,DCM,300,2/1,30,2023-11-20_13-06-10.xlsx,Silica-CS 40g,2165,2736,C1=CC=C(C(=C1)C#N)Br,2165,2736
2042-37-7,2-Bromobenzonitrile,0.99,1.496,100,DCM,300,5/1,30,2023-11-20_13-14-48.xlsx,Silica-CS 40g,3294,4131,C1=CC=C(C(=C1)C#N)Br,3294,4131
2042-37-7,2-Bromobenzonitrile,0.99,1.496,100,DCM,300,10/1,30,2023-11-20_13-26-22.xlsx,Silica-CS 40g,4732,5897,C1=CC=C(C(=C1)C#N)Br,4732,5897
2042-37-7,2-Bromobenzonitrile,0.99,1.496,100,DCM,300,20/1,30,2023-11-20_13-41-37.xlsx,Silica-CS 40g,6626,8059,C1=CC=C(C(=C1)C#N)Br,6626,8059
2042-37-7,2-Bromobenzonitrile,0.99,1.496,100,DCM,300,50/1,30,2023-11-20_14-02-44.xlsx,Silica-CS 40g,9952,12172,C1=CC=C(C(=C1)C#N)Br,9952,12172
67713-23-9,"2,6-DIBROMOBENZALDEHYDE",0.9994,1.977,100,DCM,500,0/1,30,2023-11-20_14-31-43.xlsx,Silica-CS 40g,1026,1619,C1=CC(=C(C(=C1)Br)C=O)Br,1026,1619
67713-23-9,"2,6-DIBROMOBENZALDEHYDE",0.9994,1.977,100,DCM,500,1/1,30,2023-11-20_14-36-45.xlsx,Silica-CS 40g,1242,1986,C1=CC(=C(C(=C1)Br)C=O)Br,1242,1986
67713-23-9,"2,6-DIBROMOBENZALDEHYDE",0.9994,1.977,100,DCM,500,2/1,30,2023-11-20_14-42-17.xlsx,Silica-CS 40g,1447,2267,C1=CC(=C(C(=C1)Br)C=O)Br,1447,2267
67713-23-9,"2,6-DIBROMOBENZALDEHYDE",0.9994,1.977,100,DCM,500,5/1,30,2023-11-20_14-48-50.xlsx,Silica-CS 40g,1852,2891,C1=CC(=C(C(=C1)Br)C=O)Br,1852,2891
67713-23-9,"2,6-DIBROMOBENZALDEHYDE",0.9994,1.977,100,DCM,500,10/1,30,2023-11-20_14-56-38.xlsx,Silica-CS 40g,2362,3632,C1=CC(=C(C(=C1)Br)C=O)Br,2362,3632
67713-23-9,"2,6-DIBROMOBENZALDEHYDE",0.9994,1.977,100,DCM,500,20/1,30,2023-11-20_15-05-56.xlsx,Silica-CS 40g,2983,4527,C1=CC(=C(C(=C1)Br)C=O)Br,2983,4527
67713-23-9,"2,6-DIBROMOBENZALDEHYDE",0.9994,1.977,100,DCM,500,50/1,30,2023-11-20_15-17-35.xlsx,Silica-CS 40g,3987,5944,C1=CC(=C(C(=C1)Br)C=O)Br,3987,5944
3392-97-0,"2,6-Dimethoxybenzaldehyde",0.99,1.1708,100,DCM,500,0/1,30,2023-11-20_15-39-48.xlsx,Silica-CS 40g,1287,2957,COC1=C(C(=CC=C1)OC)C=O,1287,2957
3392-97-0,"2,6-Dimethoxybenzaldehyde",0.99,1.1708,100,DCM,500,1/1,30,2023-11-20_15-50-16.xlsx,Silica-CS 40g,3171,5215,COC1=C(C(=CC=C1)OC)C=O,3171,5215
3392-97-0,"2,6-Dimethoxybenzaldehyde",0.99,1.1708,100,DCM,500,2/1,30,2023-11-20_16-07-27.xlsx,Silica-CS 40g,5749,9200,COC1=C(C(=CC=C1)OC)C=O,5749,9200
3392-97-0,"2,6-Dimethoxybenzaldehyde",0.99,1.1708,100,DCM,500,5/1,30,2023-11-20_16-50-45.xlsx,Silica-CS 40g,17497,24619,COC1=C(C(=CC=C1)OC)C=O,17497,24619
15764-16-6,"2,4-Dimethylbenzaldehyde",0.95,0.962,100,PE,300,0/1,30,2023-11-20_17-20-43.xlsx,Silica-CS 40g,1045,2298,CC1=CC(=C(C=C1)C=O)C,1045,2298
15764-16-6,"2,4-Dimethylbenzaldehyde",0.95,0.962,100,PE,300,1/1,30,2023-11-20_17-25-55.xlsx,Silica-CS 40g,1304,2063,CC1=CC(=C(C=C1)C=O)C,1304,2063
15764-16-6,"2,4-Dimethylbenzaldehyde",0.95,0.962,100,PE,300,2/1,30,2023-11-20_17-31-32.xlsx,Silica-CS 40g,1521,2318,CC1=CC(=C(C=C1)C=O)C,1521,2318
15764-16-6,"2,4-Dimethylbenzaldehyde",0.95,0.962,100,PE,300,5/1,30,2023-11-20_17-38-10.xlsx,Silica-CS 40g,1896,2921,CC1=CC(=C(C=C1)C=O)C,1896,2921
15764-16-6,"2,4-Dimethylbenzaldehyde",0.95,0.962,100,PE,300,10/1,30,2023-11-20_17-46-08.xlsx,Silica-CS 40g,2407,3747,CC1=CC(=C(C=C1)C=O)C,2407,3747
15764-16-6,"2,4-Dimethylbenzaldehyde",0.95,0.962,100,PE,300,20/1,30,2023-11-20_17-56-27.xlsx,Silica-CS 40g,3291,5111,CC1=CC(=C(C=C1)C=O)C,3291,5111
15764-16-6,"2,4-Dimethylbenzaldehyde",0.95,0.962,100,PE,300,50/1,30,2023-11-20_18-11-42.xlsx,Silica-CS 40g,5918,8086,CC1=CC(=C(C=C1)C=O)C,5918,8086
611-70-1,Isobutyrophenone,0.97,0.988,100,DCM,300,0/1,30,2023-11-20_18-23-42.xlsx,Silica-CS 40g,1055,1641,CC(C)C(=O)C1=CC=CC=C1,1055,1641
611-70-1,Isobutyrophenone,0.97,0.988,100,DCM,300,1/1,30,2023-11-20_18-28-29.xlsx,Silica-CS 40g,1243,1847,CC(C)C(=O)C1=CC=CC=C1,1243,1847
611-70-1,Isobutyrophenone,0.97,0.988,100,DCM,300,2/1,30,2023-11-20_18-33-31.xlsx,Silica-CS 40g,1385,1990,CC(C)C(=O)C1=CC=CC=C1,1385,1990
611-70-1,Isobutyrophenone,0.97,0.988,100,DCM,300,5/1,30,2023-11-20_18-39-08.xlsx,Silica-CS 40g,1511,2315,CC(C)C(=O)C1=CC=CC=C1,1511,2315
611-70-1,Isobutyrophenone,0.97,0.988,100,DCM,300,10/1,30,2023-11-20_18-45-36.xlsx,Silica-CS 40g,2005,2837,CC(C)C(=O)C1=CC=CC=C1,2005,2837
611-70-1,Isobutyrophenone,0.97,0.988,100,DCM,300,20/1,30,2023-11-20_18-52-59.xlsx,Silica-CS 40g,2360,3365,CC(C)C(=O)C1=CC=CC=C1,2360,3365
611-70-1,Isobutyrophenone,0.97,0.988,100,DCM,300,50/1,30,2023-11-20_19-03-07.xlsx,Silica-CS 40g,3411,5039,CC(C)C(=O)C1=CC=CC=C1,3411,5039
2142-69-0,2'-Bromoacetophenone,0.98,1.476,100,DCM,300,0/1,30,2023-11-20_19-15-27.xlsx,Silica-CS 40g,1162,1602,CC(=O)C1=CC=CC=C1Br,1162,1602
2142-69-0,2'-Bromoacetophenone,0.98,1.476,100,DCM,300,1/1,30,2023-11-20_19-20-44.xlsx,Silica-CS 40g,1527,2102,CC(=O)C1=CC=CC=C1Br,1527,2102
2142-69-0,2'-Bromoacetophenone,0.98,1.476,100,DCM,300,2/1,30,2023-11-20_19-26-41.xlsx,Silica-CS 40g,1819,2517,CC(=O)C1=CC=CC=C1Br,1819,2517
2142-69-0,2'-Bromoacetophenone,0.98,1.476,100,DCM,300,5/1,30,2023-11-20_19-34-19.xlsx,Silica-CS 40g,2630,3545,CC(=O)C1=CC=CC=C1Br,2630,3545
2142-69-0,2'-Bromoacetophenone,0.98,1.476,100,DCM,300,10/1,30,2023-11-20_19-44-23.xlsx,Silica-CS 40g,3708,4990,CC(=O)C1=CC=CC=C1Br,3708,4990
2142-69-0,2'-Bromoacetophenone,0.98,1.476,100,DCM,300,20/1,30,2023-11-20_19-58-18.xlsx,Silica-CS 40g,5512,7294,CC(=O)C1=CC=CC=C1Br,5512,7294
2142-69-0,2'-Bromoacetophenone,0.98,1.476,100,DCM,300,50/1,30,2023-11-20_20-21-07.xlsx,Silica-CS 40g,10251,12580,CC(=O)C1=CC=CC=C1Br,10251,12580
437-81-0,"2,6-Difluorobenzaldehyde",0.95,1.317,100,DCM,300,0/1,30,2023-11-20_20-32-52.xlsx,Silica-CS 40g,1150,1690,C1=CC(=C(C(=C1)F)C=O)F,1150,1690
437-81-0,"2,6-Difluorobenzaldehyde",0.95,1.317,100,DCM,300,1/1,30,2023-11-20_20-38-29.xlsx,Silica-CS 40g,1592,2315,C1=CC(=C(C(=C1)F)C=O)F,1592,2315
437-81-0,"2,6-Difluorobenzaldehyde",0.95,1.317,100,DCM,300,2/1,30,2023-11-20_20-44-47.xlsx,Silica-CS 40g,1947,2724,C1=CC(=C(C(=C1)F)C=O)F,1947,2724
437-81-0,"2,6-Difluorobenzaldehyde",0.95,1.317,100,DCM,300,5/1,30,2023-11-20_20-53-10.xlsx,Silica-CS 40g,2891,3974,C1=CC(=C(C(=C1)F)C=O)F,2891,3974
437-81-0,"2,6-Difluorobenzaldehyde",0.95,1.317,100,DCM,300,10/1,30,2023-11-20_21-04-19.xlsx,Silica-CS 40g,4073,5617,C1=CC(=C(C(=C1)F)C=O)F,4073,5617
437-81-0,"2,6-Difluorobenzaldehyde",0.95,1.317,100,DCM,300,20/1,30,2023-11-20_21-19-19.xlsx,Silica-CS 40g,5706,7927,C1=CC(=C(C(=C1)F)C=O)F,5706,7927
437-81-0,"2,6-Difluorobenzaldehyde",0.95,1.317,100,DCM,300,50/1,30,2023-11-20_21-41-36.xlsx,Silica-CS 40g,9209,12268,C1=CC(=C(C(=C1)F)C=O)F,9209,12268
20469-65-2,"1-Bromo-3,5-dimethoxybenzene",0.999,1.412,100,DCM,300,0/1,30,2023-11-21_09-17-49.xlsx,Silica-CS 40g,1136,1526,COC1=CC(=CC(=C1)Br)OC,1136,1526
20469-65-2,"1-Bromo-3,5-dimethoxybenzene",0.999,1.412,100,DCM,300,1/1,30,2023-11-21_09-22-46.xlsx,Silica-CS 40g,1446,1913,COC1=CC(=CC(=C1)Br)OC,1446,1913
20469-65-2,"1-Bromo-3,5-dimethoxybenzene",0.999,1.412,100,DCM,300,2/1,30,2023-11-21_09-28-13.xlsx,Silica-CS 40g,1678,2201,COC1=CC(=CC(=C1)Br)OC,1678,2201
20469-65-2,"1-Bromo-3,5-dimethoxybenzene",0.999,1.412,100,DCM,300,5/1,30,2023-11-21_09-35-11.xlsx,Silica-CS 40g,2419,3139,COC1=CC(=CC(=C1)Br)OC,2419,3139
20469-65-2,"1-Bromo-3,5-dimethoxybenzene",0.999,1.412,100,DCM,300,10/1,30,2023-11-21_09-43-14.xlsx,Silica-CS 40g,2871,3780,COC1=CC(=CC(=C1)Br)OC,2871,3780
20469-65-2,"1-Bromo-3,5-dimethoxybenzene",0.999,1.412,100,DCM,300,20/1,30,2023-11-21_09-53-12.xlsx,Silica-CS 40g,3754,4945,COC1=CC(=CC(=C1)Br)OC,3754,4945
20469-65-2,"1-Bromo-3,5-dimethoxybenzene",0.999,1.412,100,DCM,300,50/1,30,2023-11-21_10-06-42.xlsx,Silica-CS 40g,5423,7045,COC1=CC(=CC(=C1)Br)OC,5423,7045
32249-35-7,Methyl 3-cyclopropyl-3-oxopropionate,0.95,1.174,100,DCM,300,0/1,30,2023-11-21_10-57-22.xlsx,Silica-CS 40g,1453,2015,COC(=O)CC(=O)C1CC1,1453,2015
32249-35-7,Methyl 3-cyclopropyl-3-oxopropionate,0.95,1.174,100,DCM,300,1/1,30,2023-11-21_11-04-20.xlsx,Silica-CS 40g,2183,3148,COC(=O)CC(=O)C1CC1,2183,3148
32249-35-7,Methyl 3-cyclopropyl-3-oxopropionate,0.95,1.174,100,DCM,300,2/1,30,2023-11-21_11-13-48.xlsx,Silica-CS 40g,3080,4646,COC(=O)CC(=O)C1CC1,3080,4646
32249-35-7,Methyl 3-cyclopropyl-3-oxopropionate,0.95,1.174,100,DCM,300,5/1,30,2023-11-21_11-32-30.xlsx,Silica-CS 40g,5853,9155,COC(=O)CC(=O)C1CC1,5853,9155
32249-35-7,Methyl 3-cyclopropyl-3-oxopropionate,0.95,1.174,100,DCM,300,10/1,30,2023-11-21_12-04-15.xlsx,Silica-CS 40g,11852,17823,COC(=O)CC(=O)C1CC1,11852,17823
89-74-7,"2',4'-Dimethylacetophenone",0.98,0.997,100,PE,300,0/1,30,2023-11-21_14-11-44.xlsx,Silica-CS 40g,1002,3871,CC1=CC(=C(C=C1)C(=O)C)C,1002,3871
89-74-7,"2',4'-Dimethylacetophenone",0.98,0.997,100,PE,300,1/1,30,2023-11-21_14-17-37.xlsx,Silica-CS 40g,1227,2458,CC1=CC(=C(C=C1)C(=O)C)C,1227,2458
89-74-7,"2',4'-Dimethylacetophenone",0.98,0.997,100,PE,300,2/1,30,2023-11-21_14-23-16.xlsx,Silica-CS 40g,1416,2330,CC1=CC(=C(C=C1)C(=O)C)C,1416,2330
89-74-7,"2',4'-Dimethylacetophenone",0.98,0.997,100,PE,300,5/1,30,2023-11-21_14-30-15.xlsx,Silica-CS 40g,1904,3145,CC1=CC(=C(C=C1)C(=O)C)C,1904,3145
89-74-7,"2',4'-Dimethylacetophenone",0.98,0.997,100,PE,300,10/1,30,2023-11-21_14-39-35.xlsx,Silica-CS 40g,2465,4535,CC1=CC(=C(C=C1)C(=O)C)C,2465,4535
89-74-7,"2',4'-Dimethylacetophenone",0.98,0.997,100,PE,300,20/1,30,2023-11-21_14-51-05.xlsx,Silica-CS 40g,3045,5801,CC1=CC(=C(C=C1)C(=O)C)C,3045,5801
89-74-7,"2',4'-Dimethylacetophenone",0.98,0.997,100,PE,300,50/1,30,2023-11-21_15-10-13.xlsx,Silica-CS 40g,7118,10367,CC1=CC(=C(C=C1)C(=O)C)C,7118,10367
585-74-0,3'-Methylacetophenone,0.97,0.986,100,PE,300,0/1,30,2023-11-21_15-27-48.xlsx,Silica-CS 40g,1046,3106,CC1=CC(=CC=C1)C(=O)C,1046,3106
585-74-0,3'-Methylacetophenone,0.97,0.986,100,PE,300,1/1,30,2023-11-21_15-33-15.xlsx,Silica-CS 40g,1277,2234,CC1=CC(=CC=C1)C(=O)C,1277,2234
585-74-0,3'-Methylacetophenone,0.97,0.986,100,PE,300,2/1,30,2023-11-21_15-39-02.xlsx,Silica-CS 40g,1576,2445,CC1=CC(=CC=C1)C(=O)C,1576,2445
585-74-0,3'-Methylacetophenone,0.97,0.986,100,PE,300,5/1,30,2023-11-21_15-53-51.xlsx,Silica-CS 40g,2000,3198,CC1=CC(=CC=C1)C(=O)C,2000,3198
585-74-0,3'-Methylacetophenone,0.97,0.986,100,PE,300,10/1,30,2023-11-21_16-03-30.xlsx,Silica-CS 40g,3091,4706,CC1=CC(=CC=C1)C(=O)C,3091,4706
585-74-0,3'-Methylacetophenone,0.97,0.986,100,PE,300,20/1,30,2023-11-21_16-17-04.xlsx,Silica-CS 40g,4765,7091,CC1=CC(=CC=C1)C(=O)C,4765,7091
585-74-0,3'-Methylacetophenone,0.97,0.986,100,PE,300,50/1,30,2023-11-21_16-40-47.xlsx,Silica-CS 40g,9729,13095,CC1=CC(=CC=C1)C(=O)C,9729,13095
579-74-8,2'-Methoxyacetophenone,0.98,1.09,100,PE,300,0/1,30,2023-11-21_17-07-54.xlsx,Silica-CS 40g,1092,2997,CC(=O)C1=CC=CC=C1OC,1092,2997
579-74-8,2'-Methoxyacetophenone,0.98,1.09,100,PE,300,1/1,30,2023-11-21_17-33-57.xlsx,Silica-CS 40g,1242,2267,CC(=O)C1=CC=CC=C1OC,1242,2267
579-74-8,2'-Methoxyacetophenone,0.98,1.09,100,PE,300,2/1,30,2023-11-21_17-40-35.xlsx,Silica-CS 40g,1511,2944,CC(=O)C1=CC=CC=C1OC,1511,2944
579-74-8,2'-Methoxyacetophenone,0.98,1.09,100,PE,300,5/1,30,2023-11-21_17-49-58.xlsx,Silica-CS 40g,3075,4541,CC(=O)C1=CC=CC=C1OC,3075,4541
579-74-8,2'-Methoxyacetophenone,0.98,1.09,100,PE,300,10/1,30,2023-11-21_17-56-46.xlsx,Silica-CS 40g,3207,4020,CC(=O)C1=CC=CC=C1OC,3207,4020
579-74-8,2'-Methoxyacetophenone,0.98,1.09,100,PE,300,20/1,30,2023-11-21_18-05-14.xlsx,Silica-CS 40g,1211,4038,CC(=O)C1=CC=CC=C1OC,1211,4038
403-42-9,4-Fluoroacetophenone,0.99,1.143,100,PE,300,0/1,30,2023-11-21_18-31-27.xlsx,Silica-CS 40g,4378,4387,CC(=O)C1=CC=C(C=C1)F,4378,4387
403-42-9,4-Fluoroacetophenone,0.99,1.143,100,PE,300,1/1,30,2023-11-21_18-37-14.xlsx,Silica-CS 40g,1502,2405,CC(=O)C1=CC=C(C=C1)F,1502,2405
403-42-9,4-Fluoroacetophenone,0.99,1.143,100,PE,300,2/1,30,2023-11-21_18-43-52.xlsx,Silica-CS 40g,1900,2920,CC(=O)C1=CC=C(C=C1)F,1900,2920
403-42-9,4-Fluoroacetophenone,0.99,1.143,100,PE,300,5/1,30,2023-11-21_18-53-20.xlsx,Silica-CS 40g,3081,4605,CC(=O)C1=CC=C(C=C1)F,3081,4605
403-42-9,4-Fluoroacetophenone,0.99,1.143,100,PE,300,10/1,30,2023-11-21_19-07-10.xlsx,Silica-CS 40g,4896,7206,CC(=O)C1=CC=C(C=C1)F,4896,7206
403-42-9,4-Fluoroacetophenone,0.99,1.143,100,PE,300,20/1,30,2023-11-21_19-28-17.xlsx,Silica-CS 40g,8109,11609,CC(=O)C1=CC=C(C=C1)F,8109,11609
403-42-9,4-Fluoroacetophenone,0.99,1.143,100,PE,300,50/1,30,2023-11-21_20-07-34.xlsx,Silica-CS 40g,16381,22286,CC(=O)C1=CC=C(C=C1)F,16381,22286
1667-01-2,"2',4',6'-TRIMETHYLACETOPHENONE",0.98,0.975,100,DCM,300,0/1,30,2023-11-21_20-23-26.xlsx,Silica-CS 40g,979,1534,CC1=CC(=C(C(=C1)C)C(=O)C)C,979,1534
1667-01-2,"2',4',6'-TRIMETHYLACETOPHENONE",0.98,0.975,100,DCM,300,1/1,30,2023-11-21_20-28-13.xlsx,Silica-CS 40g,1171,1827,CC1=CC(=C(C(=C1)C)C(=O)C)C,1171,1827
1667-01-2,"2',4',6'-TRIMETHYLACETOPHENONE",0.98,0.975,100,DCM,300,2/1,30,2023-11-21_20-33-20.xlsx,Silica-CS 40g,1341,2047,CC1=CC(=C(C(=C1)C)C(=O)C)C,1341,2047
1667-01-2,"2',4',6'-TRIMETHYLACETOPHENONE",0.98,0.975,100,DCM,300,5/1,30,2023-11-21_20-39-22.xlsx,Silica-CS 40g,1856,2595,CC1=CC(=C(C(=C1)C)C(=O)C)C,1856,2595
1667-01-2,"2',4',6'-TRIMETHYLACETOPHENONE",0.98,0.975,100,DCM,300,10/1,30,2023-11-21_20-46-55.xlsx,Silica-CS 40g,2357,3483,CC1=CC(=C(C(=C1)C)C(=O)C)C,2357,3483
1667-01-2,"2',4',6'-TRIMETHYLACETOPHENONE",0.98,0.975,100,DCM,300,20/1,30,2023-11-21_20-57-09.xlsx,Silica-CS 40g,3422,5064,CC1=CC(=C(C(=C1)C)C(=O)C)C,3422,5064
1667-01-2,"2',4',6'-TRIMETHYLACETOPHENONE",0.98,0.975,100,DCM,300,50/1,30,2023-11-21_21-14-20.xlsx,Silica-CS 40g,6612,9224,CC1=CC(=C(C(=C1)C)C(=O)C)C,6612,9224
55745-70-5,"2,3-Dihydrobenzo[b]furan-5-carbaldehyde",0.98,1.177,100,DCM,300,0/1,30,2023-11-21_21-26-56.xlsx,Silica-CS 40g,1125,1907,C1COC2=C1C=C(C=C2)C=O,1125,1907
55745-70-5,"2,3-Dihydrobenzo[b]furan-5-carbaldehyde",0.98,1.177,100,DCM,300,1/1,30,2023-11-21_21-33-39.xlsx,Silica-CS 40g,1561,2954,C1COC2=C1C=C(C=C2)C=O,1561,2954
55745-70-5,"2,3-Dihydrobenzo[b]furan-5-carbaldehyde",0.98,1.177,100,DCM,300,2/1,30,2023-11-22_09-26-40.xlsx,Silica-CS 40g,2012,4895,C1COC2=C1C=C(C=C2)C=O,2012,4895
55745-70-5,"2,3-Dihydrobenzo[b]furan-5-carbaldehyde",0.98,1.177,100,DCM,300,5/1,30,2023-11-22_09-41-52.xlsx,Silica-CS 40g,5112,8039,C1COC2=C1C=C(C=C2)C=O,5112,8039
1671-75-6,HEPTANOPHENONE,0.98,0.946,100,DCM,300,0/1,30,2023-11-22_10-00-24.xlsx,Silica-CS 40g,948,1683,CCCCCCC(=O)C1=CC=CC=C1,948,1683
1671-75-6,HEPTANOPHENONE,0.98,0.946,100,DCM,300,1/1,30,2023-11-22_10-08-20.xlsx,Silica-CS 40g,998,1512,CCCCCCC(=O)C1=CC=CC=C1,998,1512
1671-75-6,HEPTANOPHENONE,0.98,0.946,100,DCM,300,2/1,30,2023-11-22_10-13-02.xlsx,Silica-CS 40g,1225,1765,CCCCCCC(=O)C1=CC=CC=C1,1225,1765
1671-75-6,HEPTANOPHENONE,0.98,0.946,100,DCM,300,5/1,30,2023-11-22_10-18-09.xlsx,Silica-CS 40g,1334,2000,CCCCCCC(=O)C1=CC=CC=C1,1334,2000
1671-75-6,HEPTANOPHENONE,0.98,0.946,100,DCM,300,10/1,30,2023-11-22_10-23-46.xlsx,Silica-CS 40g,1466,2345,CCCCCCC(=O)C1=CC=CC=C1,1466,2345
1671-75-6,HEPTANOPHENONE,0.98,0.946,100,DCM,300,20/1,30,2023-11-22_10-30-24.xlsx,Silica-CS 40g,1538,2903,CCCCCCC(=O)C1=CC=CC=C1,1538,2903
1671-75-6,HEPTANOPHENONE,0.98,0.946,100,DCM,300,50/1,30,2023-11-22_10-39-17.xlsx,Silica-CS 40g,1732,4252,CCCCCCC(=O)C1=CC=CC=C1,1732,4252
620-23-5,m-Tolualdehyde,0.98,1.019,100,PE,300,0/1,30,2023-11-22_10-54-35.xlsx,Silica-CS 40g,1110,3848,CC1=CC(=CC=C1)C=O,1110,3848
620-23-5,m-Tolualdehyde,0.98,1.019,100,PE,300,1/1,30,2023-11-22_10-59-57.xlsx,Silica-CS 40g,1227,2173,CC1=CC(=CC=C1)C=O,1227,2173
620-23-5,m-Tolualdehyde,0.98,1.019,100,PE,300,2/1,30,2023-11-22_11-05-44.xlsx,Silica-CS 40g,1453,2400,CC1=CC(=CC=C1)C=O,1453,2400
620-23-5,m-Tolualdehyde,0.98,1.019,100,PE,300,5/1,30,2023-11-22_11-12-27.xlsx,Silica-CS 40g,1882,2993,CC1=CC(=CC=C1)C=O,1882,2993
620-23-5,m-Tolualdehyde,0.98,1.019,100,PE,300,10/1,30,2023-11-22_11-20-40.xlsx,Silica-CS 40g,2418,3893,CC1=CC(=CC=C1)C=O,2418,3893
620-23-5,m-Tolualdehyde,0.98,1.019,100,PE,300,20/1,30,2023-11-22_11-31-29.xlsx,Silica-CS 40g,3298,5419,CC1=CC(=CC=C1)C=O,3298,5419
620-23-5,m-Tolualdehyde,0.98,1.019,100,PE,300,50/1,30,2023-11-22_11-47-44.xlsx,Silica-CS 40g,5510,8674,CC1=CC(=CC=C1)C=O,5510,8674
326-06-7,"4,4,4-Trifluoro-1-phenyl-1,3-butanedione",0.98,1.113,100,DCM,300,0/1,30,2023-11-22_12-14-24.xlsx,Silica-CS 40g,938,2770,C1=CC=C(C=C1)C(=O)CC(=O)C(F)(F)F,938,2770
326-06-7,"4,4,4-Trifluoro-1-phenyl-1,3-butanedione",0.98,1.113,100,DCM,300,1/1,30,2023-11-22_12-19-41.xlsx,Silica-CS 40g,1120,2130,C1=CC=C(C=C1)C(=O)CC(=O)C(F)(F)F,1120,2130
326-06-7,"4,4,4-Trifluoro-1-phenyl-1,3-butanedione",0.98,1.113,100,DCM,300,2/1,30,2023-11-22_12-25-34.xlsx,Silica-CS 40g,1307,2450,C1=CC=C(C=C1)C(=O)CC(=O)C(F)(F)F,1307,2450
326-06-7,"4,4,4-Trifluoro-1-phenyl-1,3-butanedione",0.98,1.113,100,DCM,300,5/1,30,2023-11-22_12-32-01.xlsx,Silica-CS 40g,1546,2829,C1=CC=C(C=C1)C(=O)CC(=O)C(F)(F)F,1546,2829
326-06-7,"4,4,4-Trifluoro-1-phenyl-1,3-butanedione",0.98,1.113,100,DCM,300,10/1,30,2023-11-22_12-39-04.xlsx,Silica-CS 40g,1787,3163,C1=CC=C(C=C1)C(=O)CC(=O)C(F)(F)F,1787,3163
326-06-7,"4,4,4-Trifluoro-1-phenyl-1,3-butanedione",0.98,1.113,100,DCM,300,20/1,30,2023-11-22_13-06-04.xlsx,Silica-CS 40g,1812,4031,C1=CC=C(C=C1)C(=O)CC(=O)C(F)(F)F,1812,4031
326-06-7,"4,4,4-Trifluoro-1-phenyl-1,3-butanedione",0.98,1.113,100,DCM,300,50/1,30,2023-11-22_13-15-12.xlsx,Silica-CS 40g,2286,4427,C1=CC=C(C=C1)C(=O)CC(=O)C(F)(F)F,2286,4427
1761-61-1,5-Bromosalicylaldehyde,0.99,1.737,100,DCM,800,0/1,30,2023-11-22_13-30-51.xlsx,Silica-CS 40g,967,1863,C1=CC(=C(C=C1Br)C=O)O,967,1863
1761-61-1,5-Bromosalicylaldehyde,0.99,1.737,100,DCM,800,1/1,30,2023-11-22_13-36-03.xlsx,Silica-CS 40g,1161,2060,C1=CC(=C(C=C1Br)C=O)O,1161,2060
1761-61-1,5-Bromosalicylaldehyde,0.99,1.737,100,DCM,800,2/1,30,2023-11-22_13-41-46.xlsx,Silica-CS 40g,1352,2372,C1=CC(=C(C=C1Br)C=O)O,1352,2372
1761-61-1,5-Bromosalicylaldehyde,0.99,1.737,100,DCM,800,5/1,30,2023-11-22_13-48-28.xlsx,Silica-CS 40g,1741,2951,C1=CC(=C(C=C1Br)C=O)O,1741,2951
1761-61-1,5-Bromosalicylaldehyde,0.99,1.737,100,DCM,800,10/1,30,2023-11-22_13-56-16.xlsx,Silica-CS 40g,2177,3643,C1=CC(=C(C=C1Br)C=O)O,2177,3643
1761-61-1,5-Bromosalicylaldehyde,0.99,1.737,100,DCM,800,20/1,30,2023-11-22_14-05-45.xlsx,Silica-CS 40g,2845,4628,C1=CC(=C(C=C1Br)C=O)O,2845,4628
1761-61-1,5-Bromosalicylaldehyde,0.99,1.737,100,DCM,800,50/1,30,2023-11-22_14-18-39.xlsx,Silica-CS 40g,4368,6655,C1=CC(=C(C=C1Br)C=O)O,4368,6655
552-89-6,2-Nitrobenzaldehyde,0.98,1.284,100,DCM,300,0/1,30,2023-11-22_14-42-03.xlsx,Silica-CS 40g,1082,3162,C1=CC=C(C(=C1)C=O)[N+](=O)[O-],1082,3162
552-89-6,2-Nitrobenzaldehyde,0.98,1.284,100,DCM,300,1/1,30,2023-11-22_14-48-16.xlsx,Silica-CS 40g,1617,2673,C1=CC=C(C(=C1)C=O)[N+](=O)[O-],1617,2673
552-89-6,2-Nitrobenzaldehyde,0.98,1.284,100,DCM,300,2/1,30,2023-11-22_14-56-24.xlsx,Silica-CS 40g,2350,3800,C1=CC=C(C(=C1)C=O)[N+](=O)[O-],2350,3800
552-89-6,2-Nitrobenzaldehyde,0.98,1.284,100,DCM,300,5/1,30,2023-11-22_15-10-29.xlsx,Silica-CS 40g,4604,7351,C1=CC=C(C(=C1)C=O)[N+](=O)[O-],4604,7351
552-89-6,2-Nitrobenzaldehyde,0.98,1.284,100,DCM,300,10/1,30,2023-11-22_15-34-06.xlsx,Silica-CS 40g,8349,13061,C1=CC=C(C(=C1)C=O)[N+](=O)[O-],8349,13061
552-89-6,2-Nitrobenzaldehyde,0.98,1.284,100,DCM,300,20/1,30,2023-11-22_16-13-08.xlsx,Silica-CS 40g,14326,22141,C1=CC=C(C(=C1)C=O)[N+](=O)[O-],14326,22141
673-22-3,2-Hydroxy-4-methoxybenzaldehyde,0.98,1.2143,100,DCM,600,0/1,30,2023-11-22_16-38-02.xlsx,Silica-CS 40g,1110,2249,COC1=CC(=C(C=C1)C=O)O,1110,2249
673-22-3,2-Hydroxy-4-methoxybenzaldehyde,0.98,1.2143,100,DCM,600,1/1,30,2023-11-22_16-43-59.xlsx,Silica-CS 40g,1542,2523,COC1=CC(=C(C=C1)C=O)O,1542,2523
673-22-3,2-Hydroxy-4-methoxybenzaldehyde,0.98,1.2143,100,DCM,600,2/1,30,2023-11-22_16-51-02.xlsx,Silica-CS 40g,2090,3184,COC1=CC(=C(C=C1)C=O)O,2090,3184
673-22-3,2-Hydroxy-4-methoxybenzaldehyde,0.98,1.2143,100,DCM,600,5/1,30,2023-11-22_17-01-16.xlsx,Silica-CS 40g,3436,5069,COC1=CC(=C(C=C1)C=O)O,3436,5069
673-22-3,2-Hydroxy-4-methoxybenzaldehyde,0.98,1.2143,100,DCM,600,10/1,30,2023-11-22_17-16-21.xlsx,Silica-CS 40g,5161,7959,COC1=CC(=C(C=C1)C=O)O,5161,7959
673-22-3,2-Hydroxy-4-methoxybenzaldehyde,0.98,1.2143,100,DCM,600,20/1,30,2023-11-22_17-38-43.xlsx,Silica-CS 40g,8416,12311,COC1=CC(=C(C=C1)C=O)O,8416,12311
673-22-3,2-Hydroxy-4-methoxybenzaldehyde,0.98,1.2143,100,DCM,600,50/1,30,2023-11-22_18-18-05.xlsx,Silica-CS 40g,14409,21420,COC1=CC(=C(C=C1)C=O)O,14409,21420
613-91-2,Acetophenone oxime,0.98,1.11,100,DCM,300,0/1,30,2023-11-22_18-31-07.xlsx,Silica-CS 40g,999,2171,C/C(=N\O)/C1=CC=CC=C1,999,2171
613-91-2,Acetophenone oxime,0.98,1.11,100,DCM,300,1/1,30,2023-11-22_18-36-34.xlsx,Silica-CS 40g,1316,2230,C/C(=N\O)/C1=CC=CC=C1,1316,2230
613-91-2,Acetophenone oxime,0.98,1.11,100,DCM,300,2/1,30,2023-11-22_18-42-52.xlsx,Silica-CS 40g,1702,2731,C/C(=N\O)/C1=CC=CC=C1,1702,2731
613-91-2,Acetophenone oxime,0.98,1.11,100,DCM,300,5/1,30,2023-11-22_18-52-00.xlsx,Silica-CS 40g,2779,4418,C/C(=N\O)/C1=CC=CC=C1,2779,4418
613-91-2,Acetophenone oxime,0.98,1.11,100,DCM,300,10/1,30,2023-11-22_19-07-10.xlsx,Silica-CS 40g,5137,8027,C/C(=N\O)/C1=CC=CC=C1,5137,8027
613-91-2,Acetophenone oxime,0.98,1.11,100,DCM,300,20/1,30,2023-11-22_19-37-40.xlsx,Silica-CS 40g,11014,17095,C/C(=N\O)/C1=CC=CC=C1,11014,17095
13329-40-3,4'-Iodoacetophenone,0.98,1.7411,100,DCM,300,0/1,30,2023-11-22_19-50-17.xlsx,Silica-CS 40g,1025,1931,CC(=O)C1=CC=C(C=C1)I,1025,1931
13329-40-3,4'-Iodoacetophenone,0.98,1.7411,100,DCM,300,1/1,30,2023-11-22_19-56-45.xlsx,Silica-CS 40g,1426,2822,CC(=O)C1=CC=C(C=C1)I,1426,2822
13329-40-3,4'-Iodoacetophenone,0.98,1.7411,100,DCM,300,2/1,30,2023-11-22_20-03-17.xlsx,Silica-CS 40g,1863,2893,CC(=O)C1=CC=C(C=C1)I,1863,2893
13329-40-3,4'-Iodoacetophenone,0.98,1.7411,100,DCM,300,5/1,30,2023-11-22_20-12-15.xlsx,Silica-CS 40g,3015,4314,CC(=O)C1=CC=C(C=C1)I,3015,4314
13329-40-3,4'-Iodoacetophenone,0.98,1.7411,100,DCM,300,10/1,30,2023-11-22_20-25-32.xlsx,Silica-CS 40g,4552,6892,CC(=O)C1=CC=C(C=C1)I,4552,6892
13329-40-3,4'-Iodoacetophenone,0.98,1.7411,100,DCM,300,20/1,30,2023-11-22_20-45-35.xlsx,Silica-CS 40g,7471,10936,CC(=O)C1=CC=C(C=C1)I,7471,10936
13329-40-3,4'-Iodoacetophenone,0.98,1.7411,100,DCM,300,50/1,30,2023-11-22_21-21-37.xlsx,Silica-CS 40g,14444,20353,CC(=O)C1=CC=C(C=C1)I,14444,20353
